ID_parcela,Deficit_ETc,ciclo_incompleto,caida_fpar_no_alcanzada
AGC_001,0.0,False,False
AGC_002,1.831514562322127,False,False
AGC_003,0.0,False,True
AGC_004,5.810710859520441,False,False
AGC_005,0.0,False,False
AGC_006,0.0,False,False
AGC_007,0.0,False,False
AGC_008,0.9577121736593881,False,False
AGC_009,0.0,False,False
AGC_010,2.509193680405474,False,False
AGC_011,0.0,False,False
AGC_012,0.0,False,False
AGC_013,0.0,False,False
AGC_014,2.5332648830358266,False,False
AGC_015,2.948489494427065,False,False
AGC_016,0.0,False,False
AGC_017,0.0,False,False
AGC_018,3.139069270262837,False,False
AGC_019,29.8479537025365,False,False
AGC_020,50.95054475254088,False,False
AGC_021,0.0,False,False
AGC_022,0.0,False,False
AGC_023,1.247287205404234,False,False
AGC_024,0.0,False,False
AGC_025,7.315885094459702,False,False
AGC_026,3.1984979966720175,False,False
AGC_027,2.996478411342082,False,False
AGC_028,0.0,False,False
AGC_029,30.04606016149077,False,False
AGC_030,0.0,False,False
AGC_031,1.810572820437642,False,False
AGC_032,0.0,False,False
AGC_033,0.0,False,False
AGC_034,0.0,False,False
AGC_035,0.0,False,False
AGC_036,3.229433876971484,False,False
AGC_037,7.184116585132699,False,False
AGC_038,0.0,False,False
AGC_039,32.09369842462158,False,False
AGC_040,5.71181078611329,False,False
AGC_041,0.0,False,False
AGC_042,0.0,False,False
AGC_043,3.248896304946072,False,False
AGC_044,50.15346935293377,False,False
AGC_045,1.2496787913588037,False,False
AGC_046,27.056713800484147,False,False
AGC_047,2.1203362236307726,False,False
AGC_048,3.9088662530333522,False,False
AGC_049,1.230504009809124,False,False
AGC_050,31.652919264403067,False,False
AGC_051,1.7010296256924562,False,False
AGC_052,0.0,False,False
AGC_053,6.35321647555412,False,False
AGC_054,2.432701981813466,False,False
AGC_055,0.0,False,False
AGC_056,0.0,False,False
AGC_057,0.0,False,False
AGC_058,2.9316584002210675,False,False
AGC_059,0.9896703952789494,False,False
AGC_060,0.0,False,False
AGC_061,19.748237346328835,False,False
AGC_062,3.8933065709927632,False,False
AGC_063,0.0,False,False
AGC_064,0.0,False,False
AGC_065,4.124679536298231,False,False
AGC_066,3.681627773374828,False,False
AGC_067,0.0,False,False
AGC_068,3.975776359453789,False,False
AGC_069,0.0,False,False
AGC_070,0.0,False,False
AGC_071,6.88078871711059,False,False
AGC_072,0.0,False,False
AGC_073,0.0,False,False
AGC_074,0.0,False,False
AGC_075,5.463310683426357,False,False
AGC_076,1.6160684424804117,False,False
AGC_077,0.0,False,False
AGC_078,0.0,False,False
AGC_079,0.0,False,False
AGC_080,0.0,False,False
AGC_081,0.0,False,False
AGC_082,0.0,False,False
AGC_083,0.0,False,False
AGC_084,0.0,False,False
AGC_085,0.0,False,False
AGC_086,6.606469462226357,False,False
AGC_087,2.607903499947838,False,False
AGC_088,0.0,False,False
AGC_089,0.0,False,False
AGC_090,3.619888587675973,False,False
AGC_091,0.2847737242144035,False,False
AGC_092,0.0,False,True
AGC_093,5.023697618477684,False,False
AGC_094,0.0,False,False
AGC_095,0.0,False,False
AGC_096,0.0,False,False
AGC_097,0.0,False,False
AGC_098,31.630437139992353,False,False
AGC_099,5.652825925555817,False,False
AGC_100,1.6359202075199164,False,False
AGC_101,0.0,False,False
AGC_102,0.0,False,False
AGC_103,31.176373064096822,False,False
AGC_104,0.9793016133745596,False,False
AGC_105,3.2382602420921103,False,False
AGC_106,0.31960037340837744,False,False
AGC_107,0.6964616499964791,False,False
AGC_108,0.0,False,False
AGC_109,0.0,False,False
AGC_110,2.5204119724756424,False,False
AGC_111,0.0,False,False
AGC_112,3.5270797283431534,False,False
AGC_113,0.0,False,False
AGC_114,28.41770333759723,False,False
AGC_115,0.9749661358555386,False,False
AGC_116,2.536272067637185,False,False
AGC_117,7.060150818722718,False,False
AGC_118,0.0,False,False
AGC_119,0.0,False,False
AGC_120,16.58711935150461,False,False
AGC_121,0.0,False,False
AGC_122,31.328567788511435,False,False
AGC_123,31.119127738535497,False,False
AGC_124,0.0,False,False
AGC_125,2.5326839348228987,False,False
AGC_126,0.24053365808788385,False,False
AGC_127,0.0,False,True
AGC_128,0.6725794458450309,False,False
AGC_129,0.0,False,False
AGC_130,0.0,False,False
AGC_131,0.0,False,False
AGC_132,0.0,False,False
AGC_133,0.0,False,False
AGC_134,2.0133405474607002,False,False
AGC_135,0.0,False,False
AGC_136,3.906043606998196,False,False
AGC_137,2.6355499324668017,False,False
AGC_138,3.4124293315014143,False,False
AGC_139,2.4942449736882963,False,False
AGC_140,0.0,False,False
AGC_141,0.0,False,False
AGC_142,2.2077511226895012,False,False
AGC_143,4.557535607021748,False,False
AGC_144,32.103249791174306,False,False
AGC_145,31.120123181613337,False,False
AGC_146,1.015570623254689,False,False
AGC_147,30.533032560417524,False,False
AGC_148,0.0,False,False
AGC_149,0.0,False,False
AGC_150,0.0,False,False
AGC_151,2.2740365521871695,False,False
AGC_152,0.8180789960679249,False,False
AGC_153,0.0,False,False
AGC_154,0.0,False,False
AGC_155,0.0,False,False
AGC_156,0.0,False,False
AGC_157,10.049254759879773,False,False
AGC_158,0.0,False,False
AGC_159,2.2574122472157114,False,True
AGC_160,5.323117072314062,False,False
AGC_161,5.326258626672313,False,False
AGC_162,0.0,False,False
AGC_163,8.899930726998036,False,False
AGC_164,1.1232577917805315,False,False
AGC_165,0.0,False,False
AGC_166,0.0,False,False
AGC_167,2.9671823372615336,False,False
AGC_168,0.0,False,False
AGC_169,5.431288666785804,False,False
AGC_170,1.983180393685359,False,False
AGC_171,0.0,False,False
AGC_172,0.0,False,False
AGC_173,36.43611975117133,False,False
AGC_174,0.3627647702426202,False,False
AGC_175,2.2417503297210715,False,True
AGC_176,0.0,False,False
AGC_177,0.0,False,False
AGC_178,0.0,False,False
AGC_179,0.0,False,False
AGC_180,1.9990631984265406,False,False
AGC_181,0.0,False,False
AGC_182,0.0,False,False
AGC_183,3.9605996261088876,False,False
AGC_184,0.6701711250497624,False,False
AGC_185,0.2878979051663464,False,False
AGC_186,3.8946378902276138,False,False
AGC_187,52.58551797751005,False,False
AGC_188,2.9437108601113664,False,False
AGC_189,1.2346305448954809,False,False
AGC_190,0.0,False,False
AGC_191,0.0,False,False
AGC_192,3.6045804751313426,False,False
AGC_193,0.0,False,False
AGC_194,0.3571312221608878,False,False
AGC_195,0.0,False,False
AGC_196,49.494448360381114,False,False
AGC_197,0.0,False,False
