ID_parcela,GDD_antesis,GDD_llenado,DAP_antesis_est,ETo_acum,ETa_acum,Deficit_Hidrico_Total,KS_prom_antesis,KS_prom_llenado,fPAR_integrado,Biomasa_Antesis_Sim,Biomasa_Total_Sim,HI_penalizado
AGC_001,967.6499999999999,649.05,56.0,361.18310918185716,262.1850700465142,98.99803913534294,1.0,1.0,52.705499999999994,6328.914924,13656.053172,0.45
AGC_002,700.9499999999998,1513.1000000000004,53.0,384.4969425749937,280.79037982434056,103.70656275065312,1.0,1.0,50.3855,5081.748680738985,13428.128432738984,0.45
AGC_003,969.8,1183.6999999999987,59.0,365.769595044161,272.5869809911271,93.18261405303389,1.0,1.0,53.2793,6330.125639999999,14410.382711999999,0.45
AGC_004,1520.7500000000005,889.2000000000003,52.0,378.97824447102954,276.278350928535,102.69989354249452,1.0,0.9538312712019589,31.3416,3201.850116,8296.402239917577,0.4437672216122645
AGC_005,1646.9000000000003,614.2500000000002,55.0,379.94577390478895,281.086280134312,98.85949377047694,1.0,1.0,44.00750000000001,5172.993324,11570.4555,0.45
AGC_006,1108.4000000000003,726.8500000000004,65.0,397.17594302673456,296.34128180959107,100.83466121714349,1.0,1.0,57.637600000000006,6371.647379999999,15404.898948,0.45
AGC_007,1163.2000000000005,381.25000000000045,60.0,380.0244094498274,282.5181115229925,97.50629792683486,1.0,1.0,59.0658,6626.928216,16203.713099999999,0.45
AGC_008,1524.3000000000002,801.8000000000006,54.0,380.1276179366999,279.2493523779795,100.87826555872039,1.0,1.0,35.561299999999996,3227.7603967348577,9675.221076734857,0.45
AGC_009,707.35,1385.7500000000005,57.0,380.78493772745213,283.2085588987853,97.5763788286668,1.0,1.0,48.403800000000004,5903.869728,12947.945568,0.45
AGC_010,721.7,1617.9999999999998,52.0,382.6527001564278,278.78174892111787,103.87095123530992,1.0,1.0,44.2894,4247.0154454648355,11744.990541464835,0.45
AGC_011,1521.7499999999998,932.3499999999997,56.0,389.25826227889655,285.0919401018168,104.16632217707973,1.0,1.0,44.1657,4027.489968,11733.970068,0.45
AGC_012,1138.6500000000003,886.1500000000008,65.0,400.6547058067022,297.63867463475356,103.01603117194867,1.0,1.0,56.561800000000005,6176.716392,15166.394952,0.45
AGC_013,1404.3499999999995,547.0999999999997,64.0,403.87629308396725,300.4624833236674,103.41380976029984,1.0,1.0,53.5335,5117.433252,14404.419192,0.45
AGC_014,1275.2500000000002,1032.8999999999994,52.0,382.6437934332989,278.7510141935397,103.89277923975925,1.0,1.0,50.6471,4483.205038482762,13590.548110482761,0.45
AGC_015,1720.9999999999998,652.9499999999996,55.0,393.06341166137685,285.16891968520383,107.89449197617301,1.0,1.0,33.19530000000001,3472.405661054924,8807.754353054925,0.45
AGC_016,1070.95,936.0000000000009,55.0,377.82261564053226,280.73621108334703,97.08640455718523,1.0,1.0,50.6575,5582.021124,13743.56808,0.45
AGC_017,1256.3499999999997,896.4499999999996,59.0,387.5592707686139,288.01000052283536,99.54927024577853,1.0,1.0,46.14019999999999,5170.296708,12433.56192,0.45
AGC_018,1200.4,1217.3500000000013,52.0,383.02273357671214,277.71679895042075,105.30593462629139,1.0,1.0,47.647299999999994,4175.994278641058,12810.548270641058,0.45
AGC_019,1029.65,506.9000000000003,53.0,367.26263613058376,244.83905713276883,122.42357899781493,0.9895005294912219,0.7784389932133621,49.4809,5831.268588,12284.688421324532,0.4177268832193288
AGC_020,916.6500000000001,633.6000000000008,53.0,387.68821220319273,240.79893459117406,146.88927761201867,0.9193506328046772,0.7095148828866154,53.487500000000004,6254.9794679999995,12483.606083288947,0.3926384015707455
AGC_021,1488.3500000000001,705.8,59.0,383.43205906555744,286.1555558947138,97.27650317084363,1.0,1.0,36.101400000000005,4547.8357559999995,9341.150652,0.45
AGC_022,1300.2000000000003,882.4500000000003,54.0,380.4123099579686,282.4060794726208,98.00623048534783,1.0,1.0,41.89040000000001,4138.863515999999,11282.268804,0.45
AGC_023,1265.1500000000003,676.3500000000001,54.0,376.54486550766126,280.8726343098853,95.67223119777594,1.0,0.992039740724854,46.984700000000004,5429.871672,13075.300745483706,0.4489253649978553
AGC_024,1160.0999999999992,769.7999999999997,61.0,378.6185838743584,281.9103901888548,96.7081936855036,1.0,1.0,50.0484,5345.209691999999,13444.464348,0.45
AGC_025,1595.3000000000004,918.5000000000002,51.0,379.9018999129309,273.061626679296,106.84027323363489,1.0,0.9715520981853802,31.846799999999998,4159.083959859527,8311.9061922527,0.4461595332550264
AGC_026,2116.2500000000014,450.1999999999998,52.0,383.00567434027204,277.6445659802344,105.36110836003763,1.0,1.0,33.2474,3083.441848959424,8879.122360959424,0.45
AGC_027,1332.5500000000002,651.0000000000002,53.0,376.5524090538291,277.9940041434589,98.5584049103702,1.0,0.9783773852696228,48.3418,4806.763236,13446.702637820867,0.44708094701139905
AGC_028,1372.0,849.5499999999997,58.0,387.89873332669305,287.35597053454154,100.5427627921515,1.0,1.0,32.78170000000001,3462.7384319999996,8797.038384,0.45
AGC_029,1534.1500000000003,658.9999999999993,56.0,380.8459219215719,252.5347229818269,128.31119893974503,1.0,0.7825076440301313,31.509700000000006,3038.082288,7507.829674326689,0.42063853194406775
AGC_030,1303.3000000000004,763.8500000000001,59.0,382.80739166149857,285.47503902207677,97.3323526394218,1.0,1.0,42.4253,3818.0262,11352.057912,0.45
AGC_031,1508.5000000000002,939.45,53.0,381.0310437655153,277.8037402625357,103.22730350297957,1.0,1.0,39.54680000000001,3842.653308011699,10582.557420011699,0.45
AGC_032,784.4499999999997,893.2999999999992,61.0,378.62009281725943,281.91089855802915,96.70919425923029,1.0,1.0,54.9531,6811.195932,14915.020811999999,0.45
AGC_033,1486.0000000000002,680.4499999999996,59.0,381.9282392397407,285.63874011745327,96.28949912228745,1.0,1.0,39.9422,4279.595112,10392.659196,0.45
AGC_034,1273.9000000000005,900.0999999999999,56.0,378.4467881455667,281.696802778538,96.74998536702873,1.0,1.0,40.2841,3938.2768079999996,10930.401288,0.45
AGC_035,1184.1999999999996,897.3999999999994,54.0,362.22833176467645,270.4401953634277,91.78813640124878,1.0,1.0,43.396300000000004,4415.059295999999,11838.243192,0.45
AGC_036,722.9499999999997,1187.250000000001,52.0,383.7868742090015,278.0793149430567,105.70755926594478,1.0,1.0,45.9433,4650.794472620817,12122.612484620817,0.45
AGC_037,1461.8500000000006,822.9999999999998,52.0,378.81457633257264,274.6468480811614,104.16772825141123,1.0,0.9453631902597546,37.4686,3080.6370061178736,10166.632377783711,0.4426240306850669
AGC_038,1196.8500000000001,593.0499999999997,57.0,374.9816598764189,280.81814128788716,94.16351858853176,1.0,1.0,47.2646,4960.731648,12863.942796,0.45
AGC_039,1070.6999999999996,658.4499999999998,53.0,373.93960697134736,246.480966286452,127.45864068489536,1.0,0.7637807857594842,42.014399999999995,4173.94932,10223.96593506244,0.41811040607753036
AGC_040,1539.1500000000005,852.7000000000003,52.0,379.81909358165586,276.25655168948026,103.5625418921756,1.0,0.96220455872372,33.615,4390.8058230746,8825.199210951332,0.4448976154277022
AGC_041,777.7000000000002,1358.3499999999995,56.0,376.553329632737,281.09077583688463,95.46255379585239,1.0,1.0,50.2981,5964.28398,13533.823992,0.45
AGC_042,1272.0000000000005,874.6499999999992,56.0,376.55708759607415,281.09328594340377,95.46380165267038,1.0,1.0,46.76740000000001,4680.283452,12739.628292,0.45
AGC_043,2105.75,440.25000000000045,52.0,384.1923251615821,278.4772762461299,105.7150489154522,1.0,1.0,35.8267,4224.470608796385,9302.341384796386,0.45
AGC_044,722.6,1032.500000000001,53.0,391.0906965257863,241.9313003253481,149.1593962004382,0.9662535871709815,0.675494875449883,44.1436,4976.15352,10351.865369053998,0.3985988652992051
AGC_045,1535.6500000000008,840.8499999999997,54.0,383.8299348410325,282.116804034684,101.71313080634854,1.0,1.0,47.21589999999998,4200.816475725328,12778.749727725328,0.45
AGC_046,1168.9500000000005,635.7499999999995,57.0,378.06155539877784,256.5015014614422,121.56005393733562,0.9583418255867449,0.8407622364764479,46.8937,4766.705556,11650.269550027793,0.4191298126813381
AGC_047,1149.4,944.4499999999998,54.0,363.8276592298787,271.5269180204553,92.30074120942339,1.0,0.9838787648224563,47.8028,5600.006195999999,13050.724987162916,0.4478236332510316
AGC_048,1440.0500000000006,817.1999999999998,53.0,377.5213573234417,277.06323700290494,100.45812032053675,1.0,0.9691233855176203,36.63830000000001,3589.257552,9829.425939502617,0.44583165704487876
AGC_049,1391.5499999999995,846.2999999999986,61.0,405.3727391723152,297.6665960883768,107.7061430839384,1.0,1.0,38.861399999999996,3895.175648828205,10170.488516828205,0.45
AGC_050,1012.55,730.6000000000001,53.0,369.22544791986087,242.0475878805414,127.17786003931946,1.0,0.7534218850622909,47.143699999999995,4832.815536,11451.036912978585,0.41671195448340925
AGC_051,633.75,1530.8999999999992,56.0,398.06378436954066,292.8329144590553,105.23086991048535,1.0,1.0,53.2028,5635.115390685373,14171.509694685374,0.45
AGC_052,733.7500000000001,1330.3500000000004,57.0,380.7861980676719,283.2093641288393,97.57683393883258,1.0,1.0,54.2609,6355.819812,14540.531388,0.45
AGC_053,1817.3500000000006,619.8500000000001,52.0,378.95666703991515,275.720286332653,103.23638070726213,1.0,0.9498952252004911,25.685200000000002,3111.141204,6778.003335205647,0.4432358554020663
AGC_054,1053.3999999999999,1116.5500000000009,53.0,376.53727724793833,278.54743249064893,97.9898447572894,1.0,0.9823280284022591,38.927600000000005,3966.189168,10791.498684490962,0.44761428383430496
AGC_055,1393.6,838.4499999999998,58.0,384.8203097423114,285.8658943642792,98.9544153780322,1.0,1.0,47.304899999999996,5078.01522,12405.910007999999,0.45
AGC_056,1488.0,759.0999999999999,57.0,389.74841002643734,286.36619311110553,103.38221691533181,1.0,1.0,33.217099999999995,3164.849148,8697.720792,0.45
AGC_057,1282.2499999999998,806.0999999999997,59.0,384.39235461174945,286.6756175383555,97.71673707339397,1.0,1.0,34.1673,3292.239552,9101.308212,0.45
AGC_058,1346.9500000000003,912.6000000000004,53.0,376.54759041199185,278.055529013452,98.49206139853987,1.0,0.9788334815118994,34.371900000000004,2667.57054,9454.406510442657,0.4471425200041064
AGC_059,1403.8,978.6999999999991,53.0,399.1771167203371,292.6861126200058,106.49100410033128,1.0,1.0,52.28529999999999,4608.918816709221,14050.39010470922,0.45
AGC_060,1340.5999999999997,806.0999999999992,58.0,389.44307162141934,289.8280633457535,99.61500827566584,1.0,1.0,39.999,4270.042272,10730.538324,0.45
AGC_061,1201.3,757.9000000000008,61.0,384.7573579139841,267.41790046673503,117.33945744724906,0.9862373842480875,0.8853821691704269,45.013000000000005,3771.496404,11226.851492876756,0.43143000429382733
AGC_062,1592.8500000000001,984.6499999999999,51.0,382.0954007500611,276.08779706898576,106.00760368107535,1.0,1.0,27.0854,2421.5446390577376,7168.833883057738,0.45
AGC_063,1964.8000000000002,465.9500000000007,54.0,381.49433388119917,283.2838980731998,98.21043580799937,1.0,1.0,37.2996,4834.152803999999,9910.78836,0.45
AGC_064,1244.35,934.4999999999995,56.0,382.07060535185644,285.1374253151079,96.93318003674852,1.0,1.0,47.592600000000004,5337.077904,12708.891539999999,0.45
AGC_065,764.6000000000001,1415.9999999999993,53.0,394.9866800082607,285.4459246859791,109.5407553222816,1.0,1.0,58.88450000000001,5770.136240979426,15609.235124979425,0.45
AGC_066,616.8499999999999,170.60000000000014,52.0,379.00488632585706,278.4266437263504,100.57824259950667,1.0,0.9697555252148086,30.408,4323.581964,7972.8134260331535,0.44591699590399914
AGC_067,1045.7000000000005,594.4500000000005,61.0,375.25249071715,279.7388726064006,95.5136181107494,1.0,1.0,56.689400000000006,6950.170152,15359.664372,0.45
AGC_068,1505.5000000000005,801.8499999999999,52.0,378.996018821516,278.1261014946157,100.86991732690029,1.0,0.9675116016362701,34.1017,4264.183284,9012.97996610483,0.44561406622089644
AGC_069,1470.7999999999993,608.25,59.0,385.1954808219484,287.0944945330793,98.10098628886914,1.0,1.0,43.6122,4407.1822919999995,11682.293472,0.45
AGC_070,1152.0500000000002,1052.949999999999,58.0,371.96778080145214,277.7614120887019,94.20636871275025,1.0,1.0,42.1902,3939.402768,11317.031976,0.45
AGC_071,1490.1500000000005,817.1999999999998,52.0,378.954682786905,275.19128325265484,103.76339953425014,1.0,0.9461494078745534,35.13009999999999,3279.8403359999998,9468.92345625158,0.4427301700630647
AGC_072,1390.0500000000006,532.5500000000002,64.0,401.4118289254941,298.1975326735063,103.21429625198778,1.0,1.0,53.29120000000001,5335.679628,14320.98618,0.45
AGC_073,1141.1000000000001,1367.6000000000006,54.0,377.87268765326064,279.9078013752374,97.96488627802324,1.0,1.0,30.9475,3128.4406799999997,8331.098508,0.45
AGC_074,836.45,615.9000000000003,63.0,372.4025729142907,275.3636855948605,97.03888731943022,1.0,1.0,59.92060000000001,8051.6202,15925.384871999999,0.45
AGC_075,1401.999999999999,817.3999999999996,53.0,380.2895778390638,278.0268057876257,102.2627720514381,1.0,0.9589240464208145,42.58679999999999,5014.846764,11424.084671666518,0.44445474626681
AGC_076,1948.0499999999997,571.7000000000003,56.0,393.27870684679147,287.6564037636355,105.62230308315594,1.0,1.0,38.4475,4340.208796186114,10208.750800186115,0.45
AGC_077,1303.1000000000006,629.8000000000011,63.0,394.65328742456046,293.95143578264833,100.70185164191213,1.0,1.0,41.88329999999999,3726.417024,11204.10288,0.45
AGC_078,984.2000000000003,616.1000000000006,62.0,372.6796337325842,276.4244993423592,96.25513439022501,1.0,1.0,50.432700000000004,5344.320839999999,13495.667544,0.45
AGC_079,1165.8500000000001,819.3999999999994,58.0,371.9712015793941,277.7632437484236,94.20795783097054,1.0,1.0,47.018100000000004,4931.760695999999,12832.842419999999,0.45
AGC_080,910.4499999999999,737.4500000000008,63.0,377.34852950714173,281.43929474876086,95.90923475838088,1.0,1.0,63.46939999999999,7776.824135999999,17092.300764,0.45
AGC_081,973.0000000000001,709.9000000000004,59.0,366.519383526108,273.10421519504325,93.41516833106476,1.0,1.0,52.30809999999999,6379.774536,14218.629684,0.45
AGC_082,1018.3000000000001,1239.2499999999995,56.0,394.0183959248427,291.51897572943005,102.49942019541265,1.0,1.0,48.376000000000005,5451.803723999999,13006.474392,0.45
AGC_083,710.95,1164.2000000000007,57.0,365.3257511984562,272.37637990765296,92.94937129080324,1.0,1.0,49.4089,6210.653687999999,13330.253508,0.45
AGC_084,1957.5999999999992,346.0000000000002,60.0,403.11356589998746,301.0772056642625,102.03636023572494,1.0,1.0,46.6915,5865.846048,12378.605076,0.45
AGC_085,1403.0500000000002,764.6500000000005,54.0,381.09840626775843,282.823483225543,98.27492304221545,1.0,1.0,37.364799999999995,3772.376808,9972.65682,0.45
AGC_086,1851.0000000000007,619.8500000000001,52.0,379.8052969058759,275.35183025379337,104.45346665208251,1.0,0.955286087264136,25.357,2889.5069603187953,6748.889329832243,0.4439636217806584
AGC_087,1037.05,942.1500000000005,54.0,376.27514397568825,277.16426971663327,99.11087425905498,1.0,0.9813532898239212,40.272099999999995,4260.265812,11197.194833118032,0.4474826941262294
AGC_088,1071.0499999999997,831.0999999999995,65.0,402.08028457504156,298.2996995689472,103.78058500609438,1.0,1.0,55.920300000000005,5982.180515999999,15120.697715999999,0.45
AGC_089,870.2000000000002,606.5000000000006,60.0,380.06406088712185,283.51622154026904,96.54783934685281,1.0,1.0,54.44540000000001,6532.714608,14939.718407999999,0.45
AGC_090,1552.0500000000004,769.7999999999986,55.0,394.71434353781694,284.98301276130167,109.73133077651528,1.0,1.0,38.2739,3224.950735297619,10383.439891297618,0.45
AGC_091,1593.1999999999996,632.3499999999997,57.0,391.05828559365756,289.22747172814155,101.830813865516,1.0,1.0,40.716,4249.245030820179,10679.775918820178,0.45
AGC_092,1838.0499999999995,585.350000000001,57.0,389.73599512561714,289.121540724798,100.61445440081911,1.0,1.0,25.693499999999997,2822.26038,6653.41686,0.45
AGC_093,1382.75,798.5499999999997,53.0,379.5729038724012,277.8855051250554,101.68739874734581,1.0,0.961940530852108,41.4013,4721.096028,11133.892751170963,0.4448619716650346
AGC_094,1985.6499999999996,435.89999999999964,55.0,390.8036477965135,284.4621272376547,106.34152055885875,1.0,1.0,25.250000000000004,2812.874484,6560.365944,0.45
AGC_095,1192.1499999999992,687.7499999999998,60.0,381.52113199892267,284.770977655623,96.75015434329964,1.0,1.0,45.504,5432.76612,12309.451704,0.45
AGC_096,1421.7500000000005,722.8999999999996,55.0,379.24284057902037,280.9028212339172,98.34001934510314,1.0,1.0,33.42960000000001,3238.752708,9073.551324,0.45
AGC_097,1474.2,732.8500000000001,59.0,383.431976375387,286.1555017274494,97.27647464793762,1.0,1.0,33.6801,4304.888856,8706.24924,0.45
AGC_098,1693.3999999999999,653.5499999999986,56.0,381.7884779965107,250.77845010512675,131.01002789138397,1.0,0.7710588773528482,33.429100000000005,3981.081396,8235.049843197092,0.4190929484426345
AGC_099,1829.9000000000005,562.8499999999999,53.0,378.1922452340059,275.19944875502046,102.99279647898544,1.0,0.9549458224731469,29.6384,3689.78262,7871.747927682986,0.4439176860338748
AGC_100,1513.8500000000001,778.4999999999989,56.0,393.2503617369544,287.61580828003446,105.63455345691995,1.0,1.0,38.69019999999999,3549.446319770431,10360.404891770431,0.45
AGC_101,1312.7500000000002,810.3000000000009,57.0,375.0895186058734,279.0217094749124,96.067809130961,1.0,1.0,37.197100000000006,3835.377732,10073.523228,0.45
AGC_102,1053.2999999999995,840.8999999999994,61.0,380.0819644010526,282.7542986917267,97.32766570932586,1.0,1.0,44.2221,4888.639368,11889.653868,0.45
AGC_103,945.8500000000001,765.3,52.0,366.2266477548932,241.4993839075642,124.72726384732897,0.9992314487286021,0.7577685829935784,47.78660000000001,5006.767236,11692.237861622016,0.41712583466806863
AGC_104,1451.6000000000001,751.2500000000002,54.0,380.1218694528475,279.2235949112663,100.8982745415812,1.0,1.0,42.6195,4290.887093915761,11390.237285915762,0.45
AGC_105,1613.45,758.7500000000007,52.0,383.7794711204226,278.06493354430296,105.71453757611965,1.0,1.0,37.83969999999999,3772.7907508882417,10029.384554888242,0.45
AGC_106,1497.8000000000002,707.9500000000003,54.0,378.6085197163988,279.7978917199212,98.81062799647759,1.0,1.0,42.7476,4481.081061739974,11438.896173739973,0.45
AGC_107,1135.7999999999997,1231.599999999999,54.0,396.1442033895469,291.3830395184403,104.76116387110659,1.0,1.0,50.680200000000006,4912.687855827655,13679.873035827655,0.45
AGC_108,1267.4499999999996,871.0000000000002,64.0,402.74450762369776,299.19496038345613,103.54954724024162,1.0,1.0,37.4926,3869.4269759999997,9966.035243999999,0.45
AGC_109,1576.6999999999996,642.2500000000002,57.0,389.7373924698631,289.12251607131105,100.61487639855204,1.0,1.0,37.0818,4564.598376,9852.617796,0.45
AGC_110,1595.0500000000002,887.2000000000003,53.0,382.20504024773743,277.14320444489874,105.06183580283869,1.0,1.0,34.1674,3652.251294390119,8970.927114390119,0.45
AGC_111,1272.7000000000007,577.150000000001,65.0,394.921349526629,294.1136464342275,100.80770309240148,1.0,1.0,44.42450000000001,3875.0332559999997,11739.528276,0.45
AGC_112,1440.0500000000006,844.0999999999999,53.0,377.5636586767198,277.4746052994394,100.08905337728038,1.0,0.9720618921954172,40.08819999999999,4198.310868,10735.401509058267,0.4462283554463813
AGC_113,763.6,802.2499999999994,59.0,367.2953788753915,274.39790888040136,92.89746999499016,1.0,1.0,48.8204,6256.490723999999,13285.710372,0.45
AGC_114,1245.4500000000003,798.1999999999994,57.0,381.5845486431674,256.1108313088592,125.47371733430822,0.9834233538744757,0.8101617419449886,40.1167,3700.9470239999996,9834.405933098024,0.4206420897843305
AGC_115,1204.35,1191.4500000000007,53.0,380.5971604118402,280.8682275948881,99.72893281695212,1.0,1.0,36.6177,3517.012523156955,9829.656239156955,0.45
AGC_116,1600.2000000000003,829.4999999999995,52.0,382.64177642611315,278.7464980017727,103.89527842434046,1.0,1.0,38.232800000000005,3491.2912392439775,10195.938175243977,0.45
AGC_117,1868.9500000000007,619.8499999999999,52.0,376.92256137532564,271.4432233858404,105.47933798948526,1.0,0.9564833556600182,31.585299999999997,3962.384166150068,8203.59839597443,0.44412525301410244
AGC_118,1093.6000000000004,642.6000000000006,60.0,380.0618780276023,283.5152122781727,96.54666574942956,1.0,1.0,43.02219999999999,3681.258504,11642.227584,0.45
AGC_119,1226.9499999999998,896.0,57.0,382.7649602165992,285.81208899290397,96.95287122369524,1.0,1.0,51.8659,5979.258528,13876.796556,0.45
AGC_120,1297.35,649.8499999999999,55.0,378.80152787306207,266.1434213689424,112.65810650411964,0.9992791346810718,0.8916427093153731,54.894000000000005,5666.285712,14627.915592840594,0.43520957106081654
AGC_121,971.8500000000001,727.5000000000005,62.0,370.9437710615805,274.92876650425245,96.01500455732804,1.0,1.0,51.9223,5566.905659999999,13799.146404,0.45
AGC_122,1248.6000000000004,665.8999999999996,56.0,380.84030325701775,251.24844368672976,129.591859570288,0.999716701063649,0.7742991669851779,49.16430000000001,5281.747188,12018.47053642197,0.41946664528232
AGC_123,1220.1500000000003,840.0499999999995,56.0,380.2675090035577,251.5119909518843,128.7555180516734,0.9957064082545453,0.7791639377114001,42.20560000000001,4458.9294,10366.190624272216,0.41922107344831167
AGC_124,1547.5499999999995,725.9000000000003,58.0,389.00955543445735,287.6807156191089,101.32883981534843,1.0,1.0,33.4174,4003.495356,8837.572332,0.45
AGC_125,1275.2500000000002,952.7499999999993,52.0,382.64129829632714,278.7497284261779,103.89156987014923,1.0,1.0,51.24829999999999,4658.873471182964,13649.356139182964,0.45
AGC_126,1474.5000000000007,542.1500000000001,62.0,402.99442957493534,299.52365553262734,103.470774042308,1.0,1.0,40.47750000000001,2888.6330716988437,10731.068671698844,0.45
AGC_127,1310.8499999999997,1020.45,59.0,386.1672166195055,287.5298054729414,98.63741114656409,1.0,1.0,45.054,5159.92806,12082.375752,0.45
AGC_128,1121.5499999999997,1208.8999999999992,54.0,396.1446005543556,291.4072140109643,104.73738654339127,1.0,1.0,49.444900000000004,4856.976868171892,13276.331176171892,0.45
AGC_129,1137.4999999999995,937.2999999999988,57.0,374.41156012026227,280.442069362481,93.96949075778127,1.0,1.0,55.506800000000005,5774.014332,15022.039595999999,0.45
AGC_130,778.5000000000001,1340.0500000000002,56.0,384.0215303271128,285.7856085896122,98.23592173750063,1.0,1.0,47.309599999999996,5261.548332,12652.652412,0.45
AGC_131,1201.6000000000001,702.7500000000002,58.0,369.107909222781,275.98516942579096,93.12273979699006,1.0,1.0,49.5784,5376.670991999999,13402.65072,0.45
AGC_132,1268.9499999999998,719.7999999999997,63.0,400.55470366300784,297.90829298331755,102.64641067969029,1.0,1.0,51.1587,5007.33576,13748.550528,0.45
AGC_133,1128.2499999999998,880.4500000000003,62.0,398.5614258311241,296.16131243934666,102.40011339177744,1.0,1.0,57.4084,6076.805952,15513.063768,0.45
AGC_134,659.95,1447.8,56.0,401.8759886644592,295.31913247303345,106.55685619142577,1.0,1.0,57.51800000000001,6021.758732174963,15369.266804174964,0.45
AGC_135,1438.7500000000007,577.150000000001,63.0,404.26139579000295,300.9867637122338,103.27463207776913,1.0,1.0,40.2213,3208.369296,10631.17668,0.45
AGC_136,1558.45,851.3000000000004,52.0,385.2126301904564,277.83685455418833,107.37577563626809,1.0,1.0,39.9835,4044.43948629829,10538.40991029829,0.45
AGC_137,1444.0499999999995,915.2499999999993,55.0,411.1381419136663,297.4794662412053,113.65867567246102,1.0,1.0,52.559,4949.208545894925,14037.198989894925,0.45
AGC_138,1408.4500000000005,778.4500000000005,53.0,377.05215152814606,277.6186886225312,99.43346290561487,1.0,0.9746920765731332,39.1744,3831.710568,10803.892863054507,0.44658343033737297
AGC_139,1512.4000000000003,943.6499999999999,52.0,382.6542378640718,278.7978480625339,103.85638980153789,1.0,1.0,33.671800000000005,3010.487884885673,8998.937548885673,0.45
AGC_140,1150.0500000000004,773.4000000000005,60.0,380.0315434166575,282.52199553893223,97.50954787772525,1.0,1.0,58.81809999999999,6522.90996,16167.451283999999,0.45
AGC_141,896.4,746.1499999999997,56.0,364.5013442339976,264.88897609445013,99.61236813954747,1.0,1.0,48.976499999999994,6091.443408,12887.888868,0.45
AGC_142,1517.35,798.349999999999,55.0,395.0476676152586,288.7377971712211,106.30987044403753,1.0,1.0,28.7375,2944.841629598776,7613.063677598776,0.45
AGC_143,1664.0500000000002,810.8500000000004,51.0,387.02344991723965,278.897760992607,108.12568892463264,1.0,1.0,34.53620000000001,3056.101456649542,9235.382128649542,0.45
AGC_144,1082.8999999999999,860.4499999999991,54.0,373.66312121829657,244.8385412556133,128.82457996268326,1.0,0.756479479947826,44.408,5011.4364000000005,10904.054748826005,0.4171247297929565
AGC_145,816.4500000000002,1068.7999999999997,56.0,380.2665187206424,251.5103386535601,128.7561800670823,0.9957048691508861,0.7791582382886226,48.326,5427.199224,11945.77620706394,0.41921995772791343
AGC_146,1176.0000000000002,1223.799999999999,53.0,396.4372168955301,290.07097141455836,106.36624548097177,1.0,1.0,46.817899999999995,4364.37418179923,12535.31395779923,0.45
AGC_147,1020.7500000000002,890.6499999999996,56.0,380.2874778955751,252.11132966283262,128.17614823274246,0.9966228184013779,0.782477190736355,51.037000000000006,5752.8897,12646.120582902837,0.419874554889718
AGC_148,877.5,655.1000000000004,62.0,372.6435089401491,274.6924483758726,97.95106056427653,1.0,1.0,53.23689999999999,6336.994392,14096.856491999999,0.45
AGC_149,1257.75,864.6500000000001,56.0,382.07279883172424,285.1388901722265,96.93390865949772,1.0,1.0,49.0866,5307.466092,13131.266436,0.45
AGC_150,1273.6500000000003,696.5000000000007,54.0,381.0051452950584,282.824395029173,98.18075026588542,1.0,1.0,47.9217,5076.278796,12808.04832,0.45
AGC_151,776.9999999999998,1494.049999999999,55.0,409.4868038043745,297.3946512441923,112.09215256018223,1.0,1.0,59.41890000000001,5836.293688940239,15807.688180940238,0.45
AGC_152,714.0499999999997,1559.4,56.0,407.89235296728333,299.67283661600646,108.21951635127687,1.0,1.0,55.8654,5755.956534664394,14849.308590664394,0.45
AGC_153,1464.2500000000002,878.5500000000009,54.0,381.4988372768158,283.2871018623812,98.2117354144346,1.0,1.0,32.8408,3500.2648679999998,8779.968708,0.45
AGC_154,1019.05,876.9999999999993,58.0,389.44099539265824,289.8267015729057,99.61429381975256,1.0,1.0,57.5286,5837.904516,15656.250731999999,0.45
AGC_155,741.6999999999998,798.3500000000001,61.0,366.98025708627074,264.8501609812744,102.13009610499631,1.0,1.0,58.1533,7468.231416,15076.30992,0.45
AGC_156,1065.6999999999998,850.7499999999995,61.0,381.87805123015244,284.03055514146644,97.847496088686,1.0,1.0,50.7055,4053.606984,13690.33416,0.45
AGC_157,1811.8500000000001,719.8499999999988,50.0,384.0125424994835,271.4124893134976,112.60005318598593,1.0,0.976484201408502,21.9104,1943.9328159804056,5858.487739943169,0.44682536719014776
AGC_158,1160.0999999999992,759.0999999999997,61.0,378.6188365248165,281.91047534371046,96.70836118110606,1.0,1.0,42.43,4444.238555999999,11353.511808,0.45
AGC_159,2160.899999999999,376.90000000000055,55.0,395.022134899257,288.6691834185424,106.35295148071464,1.0,1.0,37.1248,4354.925258658492,9695.868890658492,0.45
AGC_160,2052.3999999999996,519.1499999999996,53.0,395.8809391599983,283.7591187031706,112.12182045682772,1.0,1.0,26.856099999999998,2840.3351484926693,6987.9436764926695,0.45
AGC_161,1803.05,627.8499999999988,53.0,395.9011809366085,283.7714421741104,112.1297387624981,1.0,1.0,33.549,3320.744485544303,8795.170177544303,0.45
AGC_162,796.2499999999998,828.8000000000004,65.0,385.75701493922304,279.54029645732345,106.21671848189959,1.0,1.0,41.6442,4878.481236,10683.298644,0.45
AGC_163,1772.9500000000003,719.8499999999985,51.0,380.35372678377956,270.55286398185933,109.80086280192023,1.0,0.966255904987158,24.7364,2093.1312348430743,6688.356994067974,0.4454445471732663
AGC_164,1391.5000000000002,703.8,53.0,376.6040394447173,279.9025224372933,96.70151700742394,1.0,0.9916138507476916,39.7342,4250.085612,11042.163785163697,0.44886786985093835
AGC_165,920.75,868.149999999999,66.0,393.89079280009497,294.2365287857559,99.65426401433905,1.0,1.0,57.709900000000005,6832.388615999999,15315.5643,0.45
AGC_166,806.8500000000003,1107.9,56.0,378.43751015461953,281.69052693555585,96.74698321906368,1.0,1.0,50.629200000000004,5871.047243999999,13657.965132,0.45
AGC_167,1695.2999999999997,621.7499999999991,55.0,393.0553578108329,285.1442438026565,107.91111400817641,1.0,1.0,36.5204,4065.506235652795,9554.783979652795,0.45
AGC_168,749.6500000000002,122.60000000000002,58.0,389.03357410459,287.69706622770536,101.33650787688464,1.0,1.0,42.92199999999999,6342.966047999999,11327.411759999999,0.45
AGC_169,1506.4000000000005,778.4499999999998,52.0,378.85662497143403,276.4302058092793,102.42641916215473,1.0,0.9583841495411067,31.3599,3220.525365169005,8265.92723147296,0.4443818601880494
AGC_170,1424.6500000000005,778.4500000000003,53.0,377.0561801562674,278.9787334312138,98.07744672505356,1.0,0.9844621517755822,26.5992,2859.279252,7185.6096562646135,0.44790239048970365
AGC_171,1267.0499999999997,737.2999999999997,59.0,382.8420072554837,286.0109457152468,96.83106154023687,1.0,1.0,41.752500000000005,4353.755484,11344.427892,0.45
AGC_172,1292.3000000000004,716.9000000000012,63.0,404.26622162526013,300.98977427100823,103.2764473542519,1.0,1.0,42.2237,3398.1782279999998,11182.413612,0.45
AGC_173,1647.95,1068.2999999999995,48.0,387.92824635630393,245.14203643955275,142.78620991675118,1.0,0.7306458148405294,37.1264,3162.9910689377257,8491.596857363082,0.41363718500347146
AGC_174,606.5000000000001,1265.1000000000004,55.0,384.5737250506713,284.6674847575089,99.90624029316245,1.0,1.0,43.314800000000005,4875.875884628749,11374.06499262875,0.45
AGC_175,2013.7999999999995,524.0000000000002,55.0,395.01198720777967,288.67731288109576,106.33467432668391,1.0,1.0,32.5794,4537.156555895526,8372.092579895525,0.45
AGC_176,1227.0499999999997,848.2499999999995,59.0,384.3669062807229,286.6604737892787,97.70643249144422,1.0,1.0,41.9785,4410.893411999999,11319.561803999999,0.45
AGC_177,1370.7000000000003,736.6000000000008,55.0,380.6519802591915,281.5197586844717,99.13222157471978,1.0,1.0,46.751599999999996,4934.989764,12586.680288,0.45
AGC_178,1238.2999999999997,755.2499999999998,60.0,380.87137853486735,283.32286047933104,97.5485180555363,1.0,1.0,40.3697,4005.289128,10968.277692,0.45
AGC_179,1561.0499999999995,665.1500000000003,58.0,389.01259374013085,287.68278412424087,101.32980961588999,1.0,1.0,35.02190000000001,4669.00566,9194.987508,0.45
AGC_180,860.7500000000001,1225.6,57.0,401.3854676257263,293.6637888513943,107.72167877433196,1.0,1.0,56.5792,5961.181519798103,15099.427891798103,0.45
AGC_181,1372.0,643.5499999999997,58.0,387.8968734326772,287.35472084476066,100.54215258791652,1.0,1.0,40.86900000000001,3695.6582399999998,10887.507996,0.45
AGC_182,1270.3499999999997,999.3,59.0,387.5569861183666,288.0085502896381,99.54843582872849,1.0,1.0,41.1817,4539.992736,11087.856624,0.45
AGC_183,1434.3500000000001,798.0499999999995,53.0,378.1754209397787,277.8448583132168,100.33056262656191,1.0,0.9698552185392292,37.53939999999999,3871.04058,10299.90999445917,0.44593045450279595
AGC_184,1398.5999999999997,979.299999999999,54.0,394.6185487311342,291.0281992151478,103.59034951598636,1.0,1.0,46.64119999999998,4387.728451993742,12567.521971993741,0.45
AGC_185,588.9000000000002,1612.5499999999988,57.0,391.06267953866745,289.2274411379455,101.83523840072195,1.0,1.0,45.507,5048.216879027459,12133.56991102746,0.45
AGC_186,988.45,1575.3500000000001,51.0,382.09364796119235,276.0851395184352,106.00850844275715,1.0,1.0,38.0038,3460.3101258940305,10082.06781789403,0.45
AGC_187,1032.1500000000003,968.700000000001,52.0,386.0707388281923,235.1598301742053,150.910908653987,0.9696910111402016,0.6434055272738934,43.7835,4670.616492,9942.434728723669,0.39504022368852104
AGC_188,1695.2999999999997,828.5,55.0,393.04601737467124,285.160776506834,107.88524086783724,1.0,1.0,30.3873,3262.7828576869133,8067.386405686913,0.45
AGC_189,1463.2000000000007,838.3999999999996,54.0,383.79753382803483,282.10814612833497,101.68938769969986,1.0,1.0,40.727199999999996,4124.004970754111,10855.199014754111,0.45
AGC_190,1067.5500000000004,695.2500000000011,66.0,391.45163720526205,291.96636960805074,99.4852675972113,1.0,1.0,54.49849999999999,6576.482532,14483.438304,0.45
AGC_191,1459.8499999999995,707.9999999999995,58.0,389.4426664238787,289.82779758548037,99.61486883839831,1.0,1.0,39.9685,4196.82882,10643.694612,0.45
AGC_192,1523.8000000000004,844.2499999999989,55.0,394.730440755073,285.01033127430725,109.72010948076576,1.0,1.0,39.6565,4546.979334404276,10378.636158404275,0.45
AGC_193,1159.7499999999993,733.1999999999998,61.0,376.8864971763634,280.9521210580678,95.93437611829557,1.0,1.0,43.79769999999999,4443.550236,11659.804212,0.45
AGC_194,634.4000000000002,1834.8499999999995,55.0,378.89215561292775,280.48809260363987,98.40406300928788,1.0,1.0,39.033500000000004,4812.571260727946,10256.169624727945,0.45
AGC_195,1448.15,816.5,54.0,381.1370313732857,283.2144656446755,97.92256572861021,1.0,1.0,42.475300000000004,4342.196172,11420.592203999999,0.45
AGC_196,924.0500000000001,721.6000000000012,53.0,391.11930052414795,242.6094553371663,148.50984518698164,0.9687911018700235,0.6778038905586616,49.89029999999999,5441.073096,11617.756790048608,0.39948152314617463
AGC_197,1297.7500000000002,702.7500000000002,57.0,373.6361574303708,278.44698997168376,95.18916745868705,1.0,1.0,35.2064,3433.945968,9498.742344,0.45
