ID_POLIGON,CONJUNTO,Estado,Municipio,area_ha,lat,lon,elev_m,pendiente_deg,pendiente_pct,fecha_siembra,fecha_siembra_A,fecha_siembra_B,doble_ciclo,flag_siembra,fecha_sos,fecha_pico,ndvi_pico,arcilla_pct,arena_pct,limo_pct,om_pct,bdod_g_cm3,cfvo_pct,FC_vol,PWP_vol,FC_mm,PWP_mm,AWC_mm,AWC_mm_sin_grava
AGC_001,ENTRENAMIENTO,Tlaxcala,Calpulalpan,7.61,19.542100627711637,-98.56207967872275,2709.0,2.99,5.23,2025-07-18,2025-07-18,2025-07-18,False,ok,2025-08-02,2025-09-23,0.819,29.152083333333337,44.02916666666667,26.791666666666668,2.3284775,1.268541666666667,17.8,0.3130918648702991,0.1873262797307374,154.25518328307075,92.18620853171208,62.06897475135865,75.45935108373695
AGC_002,ENTRENAMIENTO,Puebla,Chignahuapan,2.31,19.8610520293148,-98.2528981380158,2611.5,0.56,0.97,2025-05-20,2025-05-20,2025-05-20,False,ok,2025-06-02,2025-07-04,0.811,32.354166666666664,39.733333333333334,27.958333333333332,3.5406649999999997,1.2225,15.704166666666667,0.3426152936495503,0.20982418826625,173.2759259715875,106.09289746537942,67.18302850620807,79.67466322998018
AGC_003,PREDICCION,Hidalgo,Singuilucan,18.68,19.98137239099777,-98.3749956660925,2643.2,2.44,4.27,2025-06-17,2025-06-17,2025-06-17,False,ok,2025-07-02,2025-08-27,0.818,30.247222222222227,42.81111111111111,26.937962962962963,2.731582222222222,1.1977777777777776,20.697222222222223,0.324226218666436,0.1956511687039333,154.21213625397377,92.94514333258424,61.2669929213895,77.14502997750157
AGC_004,ENTRENAMIENTO,Tlaxcala,Calpulalpan,8.0,19.577959614341996,-98.53670578089576,2563.8,1.35,2.35,2025-05-27,2025-05-27,2025-05-27,False,ok,2025-06-09,2025-09-06,0.681,27.610714285714288,45.80714285714286,26.591666666666665,1.8426276190476192,1.2833333333333334,13.957142857142856,0.2981284852493671,0.1760556085326245,153.84341707769903,90.80674943766824,63.0366676400308,73.2437260300456
AGC_005,ENTRENAMIENTO,Puebla,Chignahuapan,2.27,19.85896112502581,-98.24409567870268,2623.8,1.68,2.93,2025-05-28,2025-05-28,2025-07-22,True,doble_ciclo,2025-08-07,2025-09-21,0.869,32.7125,40.25833333333333,27.020833333333332,3.175033333333334,1.2354166666666666,17.75,0.3405474788374964,0.2100730781478,168.00135365064008,103.5653653364871,64.43598831415297,78.28464041381785
AGC_006,ENTRENAMIENTO,Puebla,Chignahuapan,3.84,19.898301786978685,-98.2363434685578,2893.3,3.0,5.25,2025-06-08,2025-06-08,2025-06-08,False,ok,2025-06-23,2025-09-06,0.804,21.835416666666667,48.08958333333333,30.047916666666666,2.7235608333333334,1.2122916666666668,20.310416666666665,0.2746871520565784,0.1488137974617375,131.5907920807116,71.30660200584609,60.28419007486552,75.52401275690458
AGC_007,ENTRENAMIENTO,Hidalgo,Singuilucan,2.87,19.9559177152111,-98.41559354468744,2760.6,2.72,4.76,2025-06-05,2025-06-05,2025-06-05,False,ok,2025-06-19,2025-08-31,0.892,25.975,45.45555555555556,28.561111111111114,2.8647666666666667,1.21,18.69722222222222,0.3015115054106113,0.1731003418449777,147.09639163609933,84.38785244848555,62.70853918761377,77.04669813938013
AGC_008,ENTRENAMIENTO,Puebla,Chignahuapan,10.77,19.8631568725098,-98.2716455609419,2617.1,2.64,4.62,2025-05-23,2025-05-23,2025-05-23,False,ok,2025-06-05,2025-09-06,0.723,31.4125,41.03125,27.579166666666666,2.8004225000000003,1.2404166666666667,18.153125,0.3313504225450893,0.2016092588853812,162.6357174483631,98.90251243742397,63.73320501093916,77.84469819582486
AGC_009,ENTRENAMIENTO,Hidalgo,Cuautepec de Hinojosa,0.38,19.92753471667568,-98.27688293679677,2646.8,7.3,12.8,2025-06-02,2025-06-02,2025-06-02,False,ok,2025-06-15,2025-07-21,0.708,27.166666666666668,44.266666666666666,28.491666666666667,2.221086666666667,1.2716666666666667,17.883333333333333,0.3023670919715649,0.1757253069588,148.9147293068072,86.44903762165792,62.465691685149295,75.98507100765897
AGC_010,ENTRENAMIENTO,Puebla,Chignahuapan,7.27,19.855916143292255,-98.2639305210286,2602.5,0.46,0.8,2025-05-19,2025-05-19,2025-05-19,False,ok,2025-06-01,2025-07-04,0.748,32.21111111111111,38.263888888888886,29.54444444444444,2.7054827777777777,1.2640277777777778,16.55138888888889,0.3377806526174601,0.2050945232773944,169.07919748899235,102.62462594973668,66.45457153925568,79.61167760403937
AGC_011,PREDICCION,Puebla,Chignahuapan,7.17,19.864265182655064,-98.2090372822767,2723.4,4.39,7.69,2025-05-17,2025-05-17,2025-05-17,False,ok,2025-05-30,2025-09-06,0.712,27.291666666666668,43.510416666666664,29.216666666666665,2.7792316666666665,1.2752083333333335,18.283333333333335,0.3088051226898171,0.179168496496325,151.38633637535656,87.7836195270052,63.60271684835135,77.7819757160953
AGC_012,ENTRENAMIENTO,Puebla,Chignahuapan,4.08,19.88787806374175,-98.23826527888748,2881.2,5.36,9.38,2025-06-03,2025-06-03,2025-06-03,False,ok,2025-06-18,2025-09-03,0.772,21.972916666666663,47.34375,30.702083333333334,3.2461483333333336,1.1947916666666667,22.98125,0.2825748854344995,0.1528771956414,130.88119025674425,70.81910385465639,60.06208640208786,77.81861387585967
AGC_013,ENTRENAMIENTO,Puebla,Chignahuapan,5.6,19.89193669157899,-98.23669339917755,2900.5,2.84,4.97,2025-05-29,2025-05-29,2025-05-29,False,ok,2025-06-13,2025-09-20,0.812,21.755555555555553,48.0,30.258333333333333,2.974378888888889,1.195,23.147222222222226,0.2772880477744529,0.1499769176615333,128.1707014890384,69.34283312535794,58.82786836368048,76.38667806775172
AGC_014,ENTRENAMIENTO,Puebla,Chignahuapan,7.44,19.849536270606745,-98.26331213684624,2602.8,0.68,1.18,2025-05-19,2025-05-19,2025-05-19,False,ok,2025-06-01,2025-08-14,0.811,32.0625,37.354166666666664,30.610416666666666,2.6413116666666663,1.2745833333333334,15.55,0.3378539930809106,0.203852263049275,171.1519976984173,103.23084676718597,67.92115093123131,80.40103801898135
AGC_015,ENTRENAMIENTO,Puebla,Chignahuapan,1.97,19.866066991593367,-98.23741593398805,2672.0,2.83,4.95,2025-05-18,2025-05-18,2025-07-19,True,doble_ciclo,2025-08-05,2025-09-20,0.725,31.96111111111111,41.61388888888889,26.43611111111111,3.1223555555555556,1.2330555555555551,19.56111111111111,0.3354758361236433,0.206158802984311,161.7861571261973,99.32649720748648,62.45965991871083,77.59021988359933
AGC_016,PREDICCION,Puebla,Chignahuapan,7.47,19.862554753012784,-98.25325976762954,2611.8,0.59,1.02,2025-05-31,2025-05-31,2025-05-31,False,ok,2025-06-13,2025-08-14,0.767,32.602777777777774,39.95972222222222,27.4375,3.4918183333333332,1.222638888888889,15.40972222222222,0.3431076492149449,0.2110221924488666,174.11982557288525,107.05918331281124,67.06064226007402,79.25127405964693
AGC_017,ENTRENAMIENTO,Puebla,Chignahuapan,1.6,19.85063399741262,-98.24128759024867,2657.8,4.79,8.37,2025-05-31,2025-05-31,2025-05-31,False,ok,2025-06-14,2025-09-01,0.688,30.475,42.36388888888889,27.155555555555555,2.5060255555555555,1.2472222222222222,18.94722222222222,0.3227493609323621,0.1951051046138666,156.88214870407376,94.76688521135448,62.11526349271925,76.58655379109729
AGC_018,ENTRENAMIENTO,Puebla,Chignahuapan,1.67,19.86440893444185,-98.29548466266874,2620.2,2.12,3.71,2025-05-18,2025-05-18,2025-05-18,False,ok,2025-05-30,2025-08-08,0.779,27.0,43.24791666666667,29.735416666666666,2.3500275,1.2104166666666667,18.98125,0.3041801513089598,0.1753598433788125,147.7643811901698,85.09772926211019,62.66665192805963,77.29218475808841
AGC_019,ENTRENAMIENTO,Tlaxcala,Calpulalpan,5.65,19.584570598771425,-98.58575952698928,2584.9,2.64,4.61,2025-06-07,2025-06-07,2025-06-07,False,ok,2025-06-20,2025-08-14,0.831,27.465,44.123333333333335,28.41833333333333,2.1038546666666664,1.282,16.466666666666665,0.3025775940469039,0.176616594883696,151.561194308607,88.40723174098162,63.153962567625385,75.57659949792473
AGC_020,ENTRENAMIENTO,Hidalgo,Emiliano Zapata,8.34,19.62792189207076,-98.58611414811124,2529.1,0.51,0.89,2025-06-08,2025-06-08,2025-06-08,False,ok,2025-06-21,2025-08-08,0.878,32.11944444444445,42.426388888888894,25.440277777777776,1.837736111111111,1.31125,12.743055555555555,0.3257386158347124,0.2012858681917722,170.46352639021154,105.30232005255635,65.16120633765519,74.67164858576413
AGC_021,ENTRENAMIENTO,Puebla,Chignahuapan,2.86,19.8624525949456,-98.21793498768942,2752.5,2.67,4.66,2025-05-29,2025-05-29,2025-08-04,True,doble_ciclo,2025-08-20,2025-09-18,0.743,27.375,43.865,28.76,2.579678666666667,1.2635,21.448333333333338,0.3066655599181569,0.178506511469392,144.56046769483476,84.10591881599342,60.45454887884135,76.895429069259
AGC_022,ENTRENAMIENTO,Puebla,Chignahuapan,11.99,19.87570928725901,-98.26704394341994,2620.8,1.13,1.97,2025-05-26,2025-05-26,2025-05-26,False,ok,2025-06-08,2025-08-25,0.672,31.877380952380953,40.55595238095238,27.58571428571429,2.575532857142857,1.2502380952380951,17.623809523809523,0.332392596301927,0.2030443052897877,164.1663752294258,100.20924275741484,63.95713247201093,77.60897460728356
AGC_023,ENTRENAMIENTO,Tlaxcala,Calpulalpan,7.72,19.606431545903668,-98.523139581777,2503.5,1.66,2.9,2025-06-06,2025-06-06,2025-06-06,False,ok,2025-06-19,2025-08-31,0.759,31.186666666666667,39.98833333333334,28.81833333333333,1.890078666666667,1.3318333333333332,12.89,0.3251279334211353,0.196149860041712,169.77296328768858,102.33675557021029,67.43620771747828,77.38684402765395
AGC_024,ENTRENAMIENTO,Puebla,Chignahuapan,11.53,19.86970384937464,-98.27286454213846,2630.6,0.72,1.26,2025-06-11,2025-06-11,2025-06-11,False,ok,2025-06-26,2025-09-06,0.795,31.55,41.141666666666666,27.298958333333335,2.5599604166666667,1.252916666666667,16.958333333333332,0.329946800070092,0.2012249459289031,164.3335283429704,100.18810231926534,64.14542602370508,77.23311248471333
AGC_025,PREDICCION,Tlaxcala,Calpulalpan,2.0,19.59155425107255,-98.53690347980734,2538.6,0.85,1.49,2025-05-22,2025-05-22,2025-07-30,True,doble_ciclo,2025-08-14,2025-09-05,0.73,30.4,42.48055555555556,27.136111111111113,1.8600044444444448,1.3077777777777777,12.875,0.3172983259587827,0.1917100627166222,165.81709542947505,100.15826608674232,65.65882934273273,75.35295794529632
AGC_026,ENTRENAMIENTO,Puebla,Chignahuapan,5.49,19.85234209858849,-98.24988056951652,2617.6,0.86,1.49,2025-05-18,2025-05-18,2025-05-18,False,ok,2025-05-30,2025-10-13,0.644,31.858333333333334,40.10625,28.0125,2.7587591666666667,1.2464583333333332,15.5,0.3342726091562619,0.2036990957078,169.4261923406737,103.19520668662209,66.23098565405161,78.34410806907718
AGC_027,PREDICCION,Tlaxcala,Calpulalpan,8.46,19.56210404259504,-98.53764562212936,2608.5,1.5,2.62,2025-06-02,2025-06-02,2025-06-02,False,ok,2025-06-15,2025-08-31,0.828,29.313888888888886,45.64305555555555,25.027777777777775,1.9969666666666668,1.2815277777777778,17.580555555555556,0.3085173213550397,0.1866267761657055,152.42548740916016,92.12841784324776,60.297069565912395,73.13432711360053
AGC_028,PREDICCION,Puebla,Chignahuapan,1.86,19.876761855848063,-98.26009256424398,2653.4,8.14,14.31,2025-05-28,2025-05-28,2025-05-28,False,ok,2025-06-11,2025-09-06,0.611,28.904166666666665,42.49166666666667,28.595833333333335,2.6291,1.26625,20.533333333333335,0.3166755936793536,0.1872458538667,150.9183579519284,89.14172313753545,61.77663481439296,77.65784388759221
AGC_029,PREDICCION,Tlaxcala,Calpulalpan,5.9,19.546915985176717,-98.55662352796335,2689.8,3.28,5.72,2025-05-31,2025-05-31,2025-05-31,False,ok,2025-06-13,2025-09-16,0.755,29.375,44.04375,26.552083333333332,2.243714166666667,1.2672916666666667,17.964583333333334,0.3134193271757484,0.1881458859187,154.12801700585285,92.43752220468706,61.69049480116574,75.16406475422906
AGC_030,PREDICCION,Hidalgo,Singuilucan,13.05,19.958286891135888,-98.41028641874114,2766.4,1.98,3.46,2025-06-01,2025-06-01,2025-06-01,False,ok,2025-06-15,2025-09-06,0.737,27.875,44.281481481481485,27.82962962962963,2.698858148148148,1.2239814814814816,18.574074074074076,0.3105324413228121,0.1825186584004987,151.6585147431802,89.06634500211456,62.592169741065646,76.80826975338805
AGC_031,PREDICCION,Puebla,Chignahuapan,1.98,19.8618692892034,-98.26596906645422,2604.4,0.5,0.86,2025-05-20,2025-05-20,2025-05-20,False,ok,2025-06-02,2025-09-01,0.715,32.531666666666666,39.36333333333334,28.1,2.8423013333333333,1.242,16.66,0.3387681120252074,0.2076437297308,169.3520805008111,103.77351805257422,65.57856244823685,78.67462937664445
AGC_032,ENTRENAMIENTO,Puebla,Chignahuapan,1.44,19.873126540934663,-98.2564003340123,2640.2,5.28,9.23,2025-06-11,2025-06-11,2025-06-11,False,ok,2025-06-26,2025-08-09,0.789,29.104166666666668,42.49375,28.4,2.5335616666666665,1.258541666666667,19.154166666666665,0.3166465969164748,0.1878030344446249,153.49336375734686,90.92569600752168,62.567667749825176,77.3061374831099
AGC_033,ENTRENAMIENTO,Puebla,Chignahuapan,21.04,19.856091212018192,-98.20024629130964,2759.4,6.47,11.35,2025-05-30,2025-05-30,2025-05-30,False,ok,2025-06-13,2025-09-19,0.693,23.83125,46.760416666666664,29.414583333333333,2.947561111111111,1.2416666666666667,23.845138888888886,0.2891293719049758,0.1612946215505722,132.3366050614834,73.80490145134478,58.53170361013861,76.70085021264214
AGC_034,ENTRENAMIENTO,Hidalgo,Singuilucan,8.09,19.95437548361761,-98.3849002771712,2692.4,1.85,3.24,2025-05-30,2025-05-30,2025-05-30,False,ok,2025-06-12,2025-08-29,0.673,28.386666666666667,42.818333333333335,28.796666666666667,2.4917546666666666,1.2495,18.28,0.3129208492895149,0.18385749066448,153.39821646555328,90.04817902994874,63.350037435604506,77.43801517502092
AGC_035,ENTRENAMIENTO,Hidalgo,Cuautepec de Hinojosa,23.8,19.86987385235598,-98.36256967530046,2527.7,0.28,0.49,2025-06-09,2025-06-09,2025-06-09,False,ok,2025-06-22,2025-08-28,0.791,34.64333333333333,38.19833333333333,27.145,2.381706,1.3355,12.601666666666668,0.3469771989187644,0.217253587593924,181.83417933270297,113.78654147665534,68.04763785604757,77.8341667949042
AGC_036,PREDICCION,Puebla,Chignahuapan,5.0,19.85609159799293,-98.25160207399516,2613.7,0.72,1.26,2025-05-18,2025-05-18,2025-05-18,False,ok,2025-05-30,2025-07-03,0.749,32.49027777777778,39.44166666666667,28.059722222222227,3.320855,1.2398611111111113,15.630555555555553,0.3419031222271532,0.2094978863976944,173.05915075629963,106.00713828201523,67.05201247428437,79.44314149767528
AGC_037,ENTRENAMIENTO,Tlaxcala,Calpulalpan,2.66,19.55812947420391,-98.5320886546216,2614.1,1.82,3.17,2025-05-26,2025-05-26,2025-05-26,False,ok,2025-06-08,2025-09-01,0.775,28.525,45.66388888888888,25.802777777777777,1.9979244444444448,1.2797222222222222,16.67222222222222,0.3044908663595597,0.1821578252650666,152.142467041107,90.9634271565482,61.17903988455883,73.39982465669584
AGC_038,ENTRENAMIENTO,Hidalgo,Singuilucan,3.28,19.95329241324104,-98.389976584587,2709.0,4.17,7.3,2025-06-05,2025-06-05,2025-06-05,False,ok,2025-06-19,2025-08-30,0.752,27.866666666666667,43.260416666666664,28.889583333333334,2.5112933333333336,1.2433333333333334,18.945833333333333,0.3098643753986877,0.1810841219543,150.62820627104304,87.92506781044654,62.703138460596506,77.26815206663265
AGC_039,PREDICCION,Tlaxcala,Calpulalpan,7.71,19.575478483775115,-98.59605516076417,2638.5,5.4,9.45,2025-06-02,2025-06-02,2025-06-02,False,ok,2025-06-14,2025-08-13,0.741,28.777083333333337,44.16875,27.041666666666668,2.329195833333334,1.2677083333333334,16.6625,0.310618103880579,0.1850550002004,155.15178175930427,92.35440334114556,62.797378418158694,75.3378622081074
AGC_040,ENTRENAMIENTO,Tlaxcala,Calpulalpan,5.46,19.595006196466837,-98.5379732973548,2532.6,1.03,1.8,2025-05-25,2025-05-25,2025-07-27,True,doble_ciclo,2025-08-11,2025-09-05,0.803,30.76,41.69833333333333,27.538333333333338,1.8507139999999995,1.3135,13.306666666666668,0.3201446699551105,0.193638622997576,166.45138395075242,100.63618416247093,65.81519978828148,75.90362817452068
AGC_041,ENTRENAMIENTO,Hidalgo,Singuilucan,25.13,19.9469544218968,-98.39377164691908,2702.0,2.94,5.14,2025-05-31,2025-05-31,2025-05-31,False,ok,2025-06-13,2025-07-24,0.736,28.58181818181818,43.814393939393945,27.6030303030303,2.3890460606060606,1.2484848484848483,18.958333333333332,0.3112711469629012,0.1844881632780975,151.2190281966405,89.51290564435381,61.70612255228664,76.06979021088225
AGC_042,PREDICCION,Hidalgo,Singuilucan,3.81,19.950791218523584,-98.388529448902,2691.5,3.98,6.97,2025-05-31,2025-05-31,2025-05-31,False,ok,2025-06-13,2025-08-30,0.749,29.636111111111106,43.28055555555555,27.097222222222225,2.418388888888889,1.262222222222222,17.869444444444447,0.3171400093157542,0.1903367974839111,156.11732912393956,93.58487481846278,62.53245430547676,76.08192709910588
AGC_043,PREDICCION,Puebla,Chignahuapan,7.15,19.85158991422595,-98.2605018002607,2605.4,0.66,1.16,2025-05-18,2025-05-18,2025-07-29,True,doble_ciclo,2025-08-13,2025-10-11,0.817,32.40694444444445,37.52777777777777,30.088888888888892,2.636762222222222,1.2729166666666667,15.443055555555553,0.3391365794608478,0.2057618503814555,172.00438188681449,104.3142691806388,67.69011270617571,80.02483744763538
AGC_044,ENTRENAMIENTO,Hidalgo,Emiliano Zapata,0.68,19.62953693419625,-98.58625198321968,2530.0,0.43,0.75,2025-06-04,2025-06-04,2025-06-04,False,ok,2025-06-16,2025-07-21,0.76,33.0,42.391666666666666,24.604166666666668,1.8698216666666667,1.3133333333333332,12.7375,0.3302884609468373,0.20632858068655,172.85659411610231,107.95026791741768,64.90632619868464,74.37592815617238
AGC_045,ENTRENAMIENTO,Puebla,Chignahuapan,1.49,19.865501698855436,-98.29402578895196,2617.9,1.83,3.2,2025-05-22,2025-05-22,2025-05-22,False,ok,2025-06-04,2025-09-06,0.792,27.3,42.516666666666666,30.133333333333333,2.399233333333333,1.215,18.6,0.3072307977387351,0.1772546014548,149.92466680276254,86.40182420513833,63.52284259762422,77.98571777036105
AGC_046,ENTRENAMIENTO,Tlaxcala,Calpulalpan,7.92,19.554503116491546,-98.55850317323116,2653.1,1.78,3.11,2025-06-07,2025-06-07,2025-06-07,False,ok,2025-06-21,2025-08-29,0.818,30.077083333333334,44.63125,25.291666666666668,2.017798333333333,1.2566666666666666,18.760416666666668,0.3142670341264693,0.1910685836141999,153.02881961159483,92.95093401843177,60.07788559316306,73.91907030736158
AGC_047,ENTRENAMIENTO,Hidalgo,Tepeapulco,64.3,19.838384598027066,-98.39376415801388,2527.8,0.51,0.89,2025-06-14,2025-06-14,2025-06-14,False,ok,2025-06-28,2025-08-30,0.794,34.31184210526315,39.890350877192986,25.809210526315788,1.966872280701754,1.3268859649122808,12.142543859649122,0.3408408638010133,0.2139985440210526,179.5558529026327,112.68410824252828,66.87174466010441,76.10539186797644
AGC_048,ENTRENAMIENTO,Tlaxcala,Nanacamilpa de Mariano Arista,8.29,19.55140992581997,-98.51738997225168,2560.9,4.54,7.94,2025-05-30,2025-05-30,2025-05-30,False,ok,2025-06-11,2025-09-04,0.786,27.493333333333332,46.388333333333335,26.111666666666668,2.126554,1.2828333333333335,14.565,0.2992685291868112,0.17702573469988,153.37815276925792,90.6918774836668,62.68627528559111,73.34567669215875
AGC_049,ENTRENAMIENTO,Puebla,Chignahuapan,0.87,19.88593482971186,-98.23601164684372,2863.2,6.88,12.07,2025-05-21,2025-05-21,2025-07-19,True,doble_ciclo,2025-08-06,2025-09-07,0.756,21.991666666666667,46.60625,31.4,3.2113091666666667,1.2089583333333334,21.84375,0.2836597273423268,0.1527301630572125,133.27988041704683,71.76098250235077,61.51889791469603,78.5577385710686
AGC_050,PREDICCION,Tlaxcala,Calpulalpan,2.42,19.58105659879257,-98.59010589205704,2601.1,3.02,5.28,2025-06-02,2025-06-02,2025-06-02,False,ok,2025-06-14,2025-08-08,0.822,28.954166666666666,44.02916666666667,27.004166666666663,2.3374566666666667,1.27625,16.766666666666666,0.311723674853496,0.1860607471941,155.4949552582732,92.72485888152434,62.77009637674885,75.39775659563762
AGC_051,ENTRENAMIENTO,Hidalgo,Almoloya,11.12,19.75100973471982,-98.34781067381824,2745.1,4.35,7.6,2025-05-22,2025-05-22,2025-05-22,False,ok,2025-06-05,2025-07-04,0.76,25.011666666666667,44.76833333333333,30.22833333333333,2.2739559999999996,1.2458333333333331,18.598333333333333,0.2916402663964997,0.1639523238165759,142.45785918597517,80.04072733495546,62.41713185101969,76.61276554795423
AGC_052,PREDICCION,Hidalgo,Cuautepec de Hinojosa,6.23,19.92889435736223,-98.27873117310207,2630.8,6.8,11.92,2025-06-02,2025-06-02,2025-06-02,False,ok,2025-06-15,2025-07-23,0.777,27.133333333333333,43.925,28.902083333333337,2.344280833333333,1.2679166666666666,19.960416666666667,0.30392865482163,0.17619871370145,145.9432757618188,84.52756225199423,61.41571350982456,76.63796467210798
AGC_053,ENTRENAMIENTO,Tlaxcala,Calpulalpan,8.54,19.56087032864425,-98.5222930428482,2588.8,1.64,2.86,2025-05-27,2025-05-27,2025-05-27,False,ok,2025-06-09,2025-09-26,0.671,28.23611111111111,45.39305555555555,26.381944444444443,1.941894444444444,1.2848611111111112,15.893055555555554,0.3028826090639225,0.1801514458860833,152.80282914077145,90.85156920928648,61.95125993148497,73.63869790670348
AGC_054,ENTRENAMIENTO,Tlaxcala,Calpulalpan,2.01,19.548092701952495,-98.53680681270136,2644.1,1.94,3.39,2025-06-02,2025-06-02,2025-06-02,False,ok,2025-06-14,2025-08-12,0.681,29.533333333333335,44.52291666666667,25.952083333333334,2.1664933333333334,1.2735416666666666,16.94375,0.3128954675011148,0.1887216646107625,155.79311037413217,93.88630468724568,61.90680568688649,74.50428173421139
AGC_055,ENTRENAMIENTO,Puebla,Chignahuapan,1.37,19.8749897831102,-98.2178743075754,2733.0,3.47,6.06,2025-05-25,2025-05-25,2025-05-25,False,ok,2025-06-08,2025-09-06,0.681,28.069444444444446,43.58611111111111,28.35,2.668847777777778,1.284166666666667,18.013888888888886,0.3113042456235539,0.1828919015012444,153.09718686685068,89.88939120099278,63.20779566585791,77.04740647338572
AGC_056,ENTRENAMIENTO,Puebla,Chignahuapan,3.65,19.871515193661672,-98.20680461406708,2743.3,3.01,5.26,2025-05-19,2025-05-19,2025-07-14,True,doble_ciclo,2025-07-31,2025-09-06,0.701,26.910416666666663,43.735416666666666,29.352083333333333,2.5895916666666663,1.2677083333333334,15.997916666666669,0.3047647895411807,0.17597035342535,153.6102106262086,88.68596621406238,64.92424441214622,77.2766616694984
AGC_057,ENTRENAMIENTO,Puebla,Chignahuapan,0.63,19.880009754605275,-98.24934068360172,2732.0,8.28,14.56,2025-06-03,2025-06-03,2025-06-03,False,ok,2025-06-17,2025-09-06,0.641,22.133333333333333,45.90833333333333,31.95,2.8876999999999997,1.2541666666666669,22.816666666666663,0.2820351874713728,0.1514515385871999,130.8095023159036,70.24952177665233,60.5599805392513,78.35018933050368
AGC_058,ENTRENAMIENTO,Tlaxcala,Calpulalpan,7.7,19.55764022642303,-98.53598339434596,2620.5,2.03,3.54,2025-06-02,2025-06-02,2025-06-02,False,ok,2025-06-14,2025-09-01,0.782,29.038333333333338,45.80166666666667,25.175,2.0823046666666665,1.2705,17.49,0.3076600585260749,0.185552309930632,152.17599681673775,91.70712420071824,60.4688726160195,73.26464915726575
AGC_059,ENTRENAMIENTO,Hidalgo,Almoloya,19.53,19.799497444705356,-98.26524833670244,2646.0,4.15,7.26,2025-05-19,2025-05-19,2025-05-19,False,ok,2025-06-01,2025-08-25,0.823,25.103125,45.57083333333333,29.311458333333334,2.2853775,1.2572916666666667,16.892708333333335,0.2906875224264148,0.1645353527569781,144.94807853590203,81.99157429858113,62.9565042373209,75.69130180166201
AGC_060,ENTRENAMIENTO,Puebla,Chignahuapan,2.34,19.879301564053925,-98.25543230263472,2717.5,8.93,15.71,2025-05-30,2025-05-30,2025-05-30,False,ok,2025-06-13,2025-09-06,0.632,24.433333333333337,44.775,30.7875,2.953121666666666,1.2433333333333334,22.345833333333335,0.2956478089190437,0.1646105504000999,137.88559839383936,76.73772837693915,61.14787001690024,78.6223551113662
AGC_061,PREDICCION,Tlaxcala,Calpulalpan,7.23,19.534465387959248,-98.61153142238032,2779.9,5.0,8.76,2025-05-30,2025-05-30,2025-05-30,False,ok,2025-06-13,2025-08-30,0.746,26.59861111111111,46.70138888888889,26.69722222222222,2.588633888888889,1.25375,18.694444444444446,0.2987304206566235,0.1745941571110889,145.7207615364611,85.11914374663448,60.601617789826605,74.48175812732077
AGC_062,ENTRENAMIENTO,Puebla,Chignahuapan,2.0,19.856710683061365,-98.27238759283463,2600.4,0.39,0.68,2025-05-17,2025-05-17,2025-05-17,False,ok,2025-05-29,2025-09-03,0.549,32.83055555555556,39.46666666666667,27.702777777777772,2.8043733333333334,1.2530555555555556,17.372222222222224,0.339861993276027,0.2091819046439778,168.4447013416127,103.64465088067809,64.80005046093466,78.40805317922957
AGC_063,PREDICCION,Puebla,Chignahuapan,12.54,19.85912157277312,-98.27772951527592,2607.9,1.35,2.35,2025-05-27,2025-05-27,2025-07-24,True,doble_ciclo,2025-08-09,2025-10-12,0.746,32.142857142857146,40.725,27.125,2.6063185714285715,1.2434523809523812,17.89047619047619,0.3336515381349811,0.2046902875727836,164.27200757880323,100.71647420519793,63.555533373605286,77.37675033731848
AGC_064,ENTRENAMIENTO,Hidalgo,Cuautepec de Hinojosa,2.45,19.929403715557672,-98.27570353531186,2655.6,5.81,10.17,2025-05-31,2025-05-31,2025-05-31,False,ok,2025-06-14,2025-08-28,0.698,27.441666666666663,44.30833333333333,28.2125,2.2613133333333333,1.2695833333333333,18.120833333333337,0.3039716895879672,0.17747751156,149.28418352497945,87.07403320987063,62.210150315108805,75.89650681678033
AGC_065,PREDICCION,Hidalgo,Almoloya,60.88,19.767191877771673,-98.34133514664164,2735.6,1.96,3.42,2025-05-17,2025-05-17,2025-05-17,False,ok,2025-05-29,2025-07-06,0.84,25.496491228070173,44.07982456140351,30.426754385964912,2.414885438596491,1.262280701754386,16.517543859649123,0.2963679731050464,0.1673815974683895,148.44919661223494,83.81734433010519,64.63185228212977,77.39182538199417
AGC_066,ENTRENAMIENTO,Tlaxcala,Calpulalpan,7.15,19.5990918867067,-98.52199958522222,2513.4,1.52,2.65,2025-05-27,2025-05-27,2025-05-27,False,ok,2025-06-09,2025-07-05,0.693,31.35,39.47361111111111,29.19722222222222,1.8212144444444445,1.326388888888889,12.856944444444444,0.3259764802828768,0.1966638962834889,170.31952942575984,102.69605441648122,67.62347500927862,77.58755039963276
AGC_067,ENTRENAMIENTO,Hidalgo,Singuilucan,1.53,19.94793288855099,-98.40854380177946,2746.6,3.25,5.68,2025-06-11,2025-06-11,2025-06-11,False,ok,2025-06-26,2025-08-29,0.823,27.370833333333337,44.641666666666666,27.9625,2.6291,1.2420833333333334,18.554166666666667,0.3066233609250365,0.17919533569255,149.86723719793312,87.52652220069093,62.3407149972422,76.45681513949197
AGC_068,ENTRENAMIENTO,Tlaxcala,Calpulalpan,3.1,19.5920542654275,-98.52313831380238,2522.1,1.55,2.7,2025-05-27,2025-05-27,2025-07-27,True,doble_ciclo,2025-08-11,2025-09-05,0.814,30.485416666666666,40.9625,28.5375,1.8924491666666663,1.324375,12.785416666666666,0.3201479158026726,0.1922228530813625,167.4369892345279,100.4864566358596,66.9505325986683,76.75503763278611
AGC_069,ENTRENAMIENTO,Puebla,Chignahuapan,0.38,19.8693958182485,-98.24800557212824,2625.0,3.95,6.9,2025-06-02,2025-06-02,2025-06-02,False,ok,2025-06-16,2025-09-19,0.739,31.908333333333335,42.49166666666667,25.6,2.9552233333333335,1.2616666666666667,19.516666666666666,0.3327813034011403,0.2052201203778,160.50397975561856,98.85607182225765,61.647907933360926,76.5367098140042
AGC_070,ENTRENAMIENTO,Hidalgo,Singuilucan,20.83,19.954150967790262,-98.39460206544584,2739.7,4.33,7.58,2025-06-08,2025-06-08,2025-06-08,False,ok,2025-06-22,2025-08-30,0.771,26.821875,43.59166666666667,29.59375,2.48256,1.2298958333333334,19.144791666666663,0.3044495554746935,0.1752888593335094,147.68985426763555,84.95146308743603,62.73839118019953,77.49641768471048
AGC_071,PREDICCION,Tlaxcala,Calpulalpan,5.21,19.559299963814475,-98.53350526095088,2611.0,1.83,3.2,2025-05-27,2025-05-27,2025-05-27,False,ok,2025-06-09,2025-09-04,0.756,28.673333333333332,45.656666666666666,25.666666666666668,2.005012,1.2775,16.94333333333333,0.3053041854772285,0.1830319801556,152.03659622730305,91.08584891327268,60.950747314030394,73.3633231929771
AGC_072,ENTRENAMIENTO,Puebla,Chignahuapan,4.38,19.88970760102128,-98.2360216004431,2893.0,3.48,6.08,2025-05-30,2025-05-30,2025-05-30,False,ok,2025-06-14,2025-09-19,0.829,21.994444444444447,47.730555555555554,30.283333333333335,3.0878755555555557,1.1825,21.744444444444444,0.2801127964514016,0.1519744877906889,131.85137215776655,71.55533518939876,60.29603696836779,76.88298519642763
AGC_073,ENTRENAMIENTO,Puebla,Chignahuapan,2.05,19.85754858384948,-98.27074048880718,2600.6,0.4,0.7,2025-05-26,2025-05-26,2025-05-26,False,ok,2025-06-08,2025-08-13,0.569,32.916666666666664,38.4875,28.60625,2.8589666666666664,1.2483333333333333,17.229166666666668,0.341768122703886,0.209696283648725,169.6879804268242,104.08285373949924,65.60512668732495,79.24310343309666
AGC_074,ENTRENAMIENTO,Tlaxcala,Calpulalpan,8.54,19.525736503817264,-98.6097806823179,2807.6,4.85,8.49,2025-06-25,2025-06-25,2025-06-25,False,ok,2025-07-11,2025-08-29,0.886,24.715,47.91,27.37,2.778226,1.2123333333333333,19.705,0.289820321948075,0.165452893131568,139.62197575306635,79.65473781038781,59.96723794267853,74.62045728990422
AGC_075,PREDICCION,Tlaxcala,Calpulalpan,3.9,19.564024770688388,-98.54573974950355,2611.6,1.67,2.91,2025-05-29,2025-05-29,2025-05-29,False,ok,2025-06-11,2025-09-01,0.674,28.86875,45.454166666666666,25.677083333333332,1.9678741666666664,1.2775,17.339583333333334,0.3065057550127918,0.184039910959425,151.88010283534348,91.11565158656128,60.76445124878218,73.47950643202012
AGC_076,PREDICCION,Puebla,Chignahuapan,1.01,19.8809220471155,-98.2663073973638,2631.0,6.07,10.64,2025-05-20,2025-05-20,2025-08-04,True,doble_ciclo,2025-08-20,2025-10-10,0.771,26.3125,42.99166666666667,30.645833333333332,2.5091383333333335,1.2725,19.1375,0.3028987721874936,0.1723898004243,146.85265482838412,83.47805407561233,63.37460075277179,78.30538305791617
AGC_077,ENTRENAMIENTO,Puebla,Chignahuapan,6.08,19.88984590709341,-98.25247011142272,2848.7,2.12,3.7,2025-06-04,2025-06-04,2025-06-04,False,ok,2025-06-19,2025-09-15,0.703,21.898333333333333,47.27,30.82,2.819314666666666,1.2336666666666667,21.53,0.2780317825179337,0.149963032002848,131.05611959655428,70.68269096252963,60.37342863402466,76.84125030905145
AGC_078,ENTRENAMIENTO,Hidalgo,Singuilucan,2.3,19.954030937195732,-98.41201779710303,2753.2,1.69,2.95,2025-06-17,2025-06-17,2025-06-17,False,ok,2025-07-03,2025-08-31,0.83,27.561111111111103,44.375,28.069444444444446,2.5405055555555554,1.2447222222222225,16.33888888888889,0.3072888690655141,0.1798497376338889,154.19199190211594,90.18991353868311,64.00207836343282,76.46347885897518
AGC_079,ENTRENAMIENTO,Hidalgo,Singuilucan,18.87,19.959267334774488,-98.38574604525292,2704.3,3.95,6.9,2025-06-08,2025-06-08,2025-06-08,False,ok,2025-06-22,2025-08-31,0.791,27.33148148148149,43.593518518518515,29.07777777777778,2.7239199999999997,1.2091666666666667,19.69537037037037,0.3094350906611706,0.1795643301070641,149.12083987145817,86.44385298569509,62.6769868857631,77.92245633246385
AGC_080,ENTRENAMIENTO,Hidalgo,Singuilucan,18.99,19.97661236125174,-98.42990803616398,2762.7,0.62,1.09,2025-06-15,2025-06-15,2025-06-15,False,ok,2025-07-01,2025-08-25,0.89,27.216666666666665,44.84285714285714,27.941666666666663,2.6896452380952383,1.228452380952381,18.18690476190476,0.3065179318101812,0.1788846599486163,150.46102545999003,87.74900807179955,62.71201738819048,76.57996311693893
AGC_081,ENTRENAMIENTO,Hidalgo,Singuilucan,3.28,19.98059272547799,-98.37143218385393,2635.6,1.68,2.94,2025-06-17,2025-06-17,2025-06-17,False,ok,2025-07-02,2025-08-27,0.852,31.366666666666667,42.425,26.254166666666663,2.743315,1.21,19.370833333333337,0.3301016667094315,0.20184894116945,159.59628482554672,97.47636100049873,62.119923825048005,76.95163532398892
AGC_082,PREDICCION,Hidalgo,Almoloya,2.77,19.801860306915884,-98.26925628405084,2637.4,2.98,5.2,2025-05-28,2025-05-28,2025-05-28,False,ok,2025-06-10,2025-08-08,0.715,25.19375,45.6625,29.11875,2.3241675,1.27,15.954166666666667,0.2913861397655686,0.1652824533995875,146.92811598450777,83.28410148208911,63.64401450241866,75.66221181958866
AGC_083,ENTRENAMIENTO,Hidalgo,Cuautepec de Hinojosa,2.87,19.888301971209593,-98.29256815168712,2563.2,2.12,3.7,2025-06-16,2025-06-16,2025-06-16,False,ok,2025-07-01,2025-08-05,0.752,29.585416666666667,43.516666666666666,26.879166666666663,2.0587433333333336,1.2858333333333334,16.1375,0.3133216359823634,0.1881532949703624,157.58306163144744,94.5875513870108,62.99551024443663,75.10100460720058
AGC_084,ENTRENAMIENTO,Hidalgo,Almoloya,12.42,19.79892934433526,-98.28730443337842,2687.9,4.34,7.59,2025-05-31,2025-05-31,2025-05-31,False,ok,2025-06-14,2025-10-27,0.741,24.173958333333335,46.228125,29.602083333333333,2.6361037499999997,1.23,17.626041666666666,0.2888061327004388,0.1615159385785594,142.7801622621899,79.80263243720626,62.977529824983634,76.3741164731277
AGC_085,PREDICCION,Puebla,Chignahuapan,5.5,19.85267019305496,-98.2520165530029,2614.7,0.79,1.38,2025-05-26,2025-05-26,2025-05-26,False,ok,2025-06-08,2025-09-01,0.654,32.295833333333334,39.73125,27.972916666666663,2.7964716666666667,1.2514583333333331,15.754166666666666,0.337004348435792,0.2062082391140249,170.29706282765753,104.15558181643932,66.14148101121819,78.47766559306024
AGC_086,PREDICCION,Tlaxcala,Calpulalpan,4.73,19.58448657453865,-98.53167315885258,2546.6,1.22,2.13,2025-05-25,2025-05-25,2025-05-25,False,ok,2025-06-07,2025-09-26,0.73,30.0875,43.875,26.04375,2.11621,1.276875,14.422916666666667,0.3157560250252778,0.1912981633939,162.07010198042633,98.15242748122886,63.917674499197496,74.67471697882664
AGC_087,PREDICCION,Tlaxcala,Calpulalpan,5.66,19.548685406887877,-98.538859635403,2649.8,2.07,3.61,2025-06-03,2025-06-03,2025-06-03,False,ok,2025-06-16,2025-08-12,0.707,29.495833333333337,44.53333333333333,25.95625,2.1661341666666667,1.2691666666666668,17.772916666666667,0.312681935945069,0.1885206321952125,154.13434071015757,92.85802765860714,61.27631305155042,74.4967822499139
AGC_088,PREDICCION,Puebla,Chignahuapan,5.91,19.894027335395148,-98.23793853842548,2905.2,2.05,3.58,2025-05-31,2025-05-31,2025-05-31,False,ok,2025-06-15,2025-08-26,0.79,21.727083333333333,48.04375,30.227083333333333,2.8108383333333338,1.206875,23.125,0.2752613297809336,0.1487843534550499,127.25385568900066,68.80122982526989,58.45262586373076,75.88618579553014
AGC_089,ENTRENAMIENTO,Hidalgo,Singuilucan,1.72,19.95159736688864,-98.40984523015526,2743.8,1.05,1.83,2025-06-08,2025-06-08,2025-06-08,False,ok,2025-06-22,2025-08-12,0.819,28.125,44.2375,27.608333333333334,2.5206316666666666,1.2558333333333334,14.9125,0.3096521559936917,0.1826696198524999,158.08024718177325,93.22100263572868,64.85924454604454,76.18952168471506
AGC_090,ENTRENAMIENTO,Puebla,Chignahuapan,10.98,19.85438051158189,-98.28735539425676,2628.9,2.52,4.4,2025-05-17,2025-05-17,2025-05-17,False,ok,2025-05-30,2025-09-06,0.75,28.995238095238093,41.62738095238095,29.379761904761903,2.4133947619047618,1.2276190476190476,18.691666666666663,0.3165038190486983,0.1865699790045591,154.3170052678832,90.88788251360756,63.429122754275625,77.96030402648348
AGC_091,PREDICCION,Puebla,Chignahuapan,0.35,19.859715832526945,-98.23913609283836,2636.0,2.35,4.1,2025-05-25,2025-05-25,2025-07-17,True,doble_ciclo,2025-08-03,2025-09-19,0.785,32.958333333333336,41.52916666666667,25.5375,3.646978333333333,1.22375,19.029166666666665,0.343723925020393,0.2138371817499,166.93779140435635,103.77346073298116,63.16433067137519,77.93204596229586
AGC_092,ENTRENAMIENTO,Puebla,Chignahuapan,0.5,19.86181767575719,-98.2416177850703,2635.0,4.43,7.75,2025-05-26,2025-05-26,2025-08-06,True,doble_ciclo,2025-08-22,2025-10-09,0.756,33.729166666666664,41.46666666666667,24.804166666666667,3.4587749999999997,1.2383333333333333,19.2,0.3454272654017382,0.2169806153425999,167.31771850782593,104.99955956833765,62.3181589394883,77.06799003548298
AGC_093,PREDICCION,Tlaxcala,Calpulalpan,3.71,19.562252110227497,-98.5462595445088,2617.5,1.87,3.27,2025-05-29,2025-05-29,2025-05-29,False,ok,2025-06-11,2025-08-31,0.686,29.070833333333333,45.360416666666666,25.56875,1.9879875,1.27,17.227083333333333,0.3078861338425813,0.1853158269480875,152.7342281758178,91.837492019131,60.896736156686806,73.54218413669628
AGC_094,PREDICCION,Puebla,Chignahuapan,3.63,19.870997530200075,-98.20510134152512,2749.9,1.14,1.99,2025-05-14,2025-05-14,2025-08-04,True,doble_ciclo,2025-08-20,2025-10-08,0.757,26.044444444444444,44.74444444444444,29.20277777777778,2.6013244444444443,1.267777777777778,17.78611111111111,0.2991945618737908,0.1713264674203555,147.59741832300094,84.50542297937402,63.09199534362692,76.72085667206117
AGC_095,PREDICCION,Puebla,Chignahuapan,1.33,19.87604693162422,-98.26136606488244,2640.3,4.76,8.33,2025-06-09,2025-06-09,2025-06-09,False,ok,2025-06-24,2025-09-06,0.667,30.98055555555556,41.233333333333334,27.78611111111111,2.6061133333333335,1.2597222222222222,19.48888888888889,0.3276414988136071,0.1983429928565333,158.14757999718947,95.64654373599876,62.50103626119072,77.57910357424427
AGC_096,ENTRENAMIENTO,Puebla,Chignahuapan,12.87,19.877051122098596,-98.27009431486614,2618.2,0.93,1.62,2025-05-29,2025-05-29,2025-05-29,False,ok,2025-06-11,2025-09-06,0.634,31.25833333333334,40.66136363636364,28.075,2.483996666666666,1.253787878787879,16.76742424242424,0.328737302388162,0.1992317818599438,164.0591984081879,99.36246822342486,64.69673018476307,77.70331231693098
AGC_097,ENTRENAMIENTO,Puebla,Chignahuapan,2.35,19.86236325359617,-98.21733969764333,2751.2,2.74,4.78,2025-05-29,2025-05-29,2025-08-05,True,doble_ciclo,2025-08-21,2025-09-17,0.714,26.9625,44.19583333333333,28.8375,2.603958333333334,1.2641666666666669,22.158333333333335,0.3044196990005335,0.17636922316515,142.23909321308332,82.37348180948834,59.86561140359497,76.83028550123012
AGC_098,ENTRENAMIENTO,Tlaxcala,Calpulalpan,4.9,19.54558076286551,-98.57886727139784,2698.9,3.3,5.77,2025-05-29,2025-05-29,2025-08-01,True,doble_ciclo,2025-08-16,2025-09-25,0.778,29.701190476190476,44.97142857142857,25.329761904761902,2.2247809523809527,1.2654761904761904,18.696428571428573,0.313565802131821,0.1900031856989714,152.75683147008448,92.43835843877709,60.318473031307384,74.13756985970976
AGC_099,ENTRENAMIENTO,Tlaxcala,Calpulalpan,1.17,19.57008017941084,-98.52883870473188,2577.4,1.69,2.95,2025-05-28,2025-05-28,2025-05-28,False,ok,2025-06-10,2025-09-28,0.737,28.254166666666663,46.891666666666666,24.879166666666663,2.25844,1.284166666666667,15.633333333333333,0.3033031528839111,0.18198383249875,153.45023704348625,92.02465100536952,61.425586038116734,72.79159223109662
AGC_100,ENTRENAMIENTO,Puebla,Chignahuapan,11.24,19.858967530399653,-98.29110105668636,2646.3,1.26,2.19,2025-05-20,2025-05-20,2025-05-20,False,ok,2025-06-03,2025-09-07,0.804,30.338888888888892,41.18194444444444,28.493055555555554,2.3333861111111114,1.2438888888888888,17.03472222222222,0.3229078746121677,0.1936512182027389,160.6777147738567,96.30966328068736,64.36805149316938,77.55399384565732
AGC_101,ENTRENAMIENTO,Puebla,Chignahuapan,12.35,19.8740231200676,-98.27640168120448,2623.5,1.65,2.89,2025-06-05,2025-06-05,2025-06-05,False,ok,2025-06-18,2025-09-06,0.654,32.8,40.45277777777778,26.73472222222222,2.3913316666666664,1.2493055555555554,17.93611111111111,0.3354162170370217,0.2072395101547722,165.06264049971037,101.93007752730782,63.132562972402525,76.9060241293497
AGC_102,ENTRENAMIENTO,Puebla,Chignahuapan,12.75,19.87275435150924,-98.28003106483251,2624.1,1.31,2.29,2025-06-10,2025-06-10,2025-06-10,False,ok,2025-06-25,2025-08-28,0.705,31.98571428571428,40.840476190476195,27.16071428571428,2.3208323809523805,1.2539285714285715,18.98452380952381,0.3306512309004645,0.202495889173151,160.6103197881691,98.28401154092327,62.32630824724582,76.8932050363881
AGC_103,ENTRENAMIENTO,Tlaxcala,Calpulalpan,2.48,19.58378028483629,-98.58380363567554,2581.3,4.11,7.19,2025-06-04,2025-06-04,2025-06-04,False,ok,2025-06-16,2025-08-05,0.823,27.816666666666663,44.46944444444445,27.72222222222222,2.12914,1.2819444444444446,15.383333333333333,0.3039006415018159,0.1787159491396444,154.215798265663,90.63955478543927,63.57624348022374,75.11081541730286
AGC_104,ENTRENAMIENTO,Puebla,Chignahuapan,3.02,19.85867443918982,-98.25089020705708,2613.5,0.76,1.32,2025-05-23,2025-05-23,2025-05-23,False,ok,2025-06-05,2025-09-01,0.717,32.4375,39.7125,27.895833333333332,3.50403,1.2191666666666667,16.0,0.3426267673581393,0.2100509340829,172.67832395158086,105.83919580178888,66.839128149792,79.54549996514359
AGC_105,ENTRENAMIENTO,Puebla,Chignahuapan,2.99,19.85086731325687,-98.25724418734734,2609.4,0.72,1.25,2025-05-18,2025-05-18,2025-05-18,False,ok,2025-05-30,2025-09-06,0.738,32.25555555555555,37.83888888888889,29.92222222222222,2.6171277777777777,1.2747222222222223,15.211111111111114,0.3379330225160084,0.2048966717274222,171.864893113891,104.16305734351424,67.70183577037679,79.82181047315166
AGC_106,ENTRENAMIENTO,Puebla,Chignahuapan,6.09,19.85681028931193,-98.25971725863528,2606.1,0.54,0.94,2025-05-25,2025-05-25,2025-05-25,False,ok,2025-06-07,2025-09-06,0.679,31.948333333333338,37.973333333333336,30.086666666666662,2.7253566666666664,1.255,15.768333333333333,0.3371750716896886,0.20372376114908,170.36926500645268,102.90698027760789,67.4622847288448,80.07078632436519
AGC_107,PREDICCION,Hidalgo,Almoloya,2.63,19.804874391930944,-98.26565109377738,2630.2,0.78,1.35,2025-05-21,2025-05-21,2025-05-21,False,ok,2025-06-03,2025-08-08,0.775,28.48125,45.2625,26.258333333333333,2.1144141666666667,1.2789583333333334,14.339583333333334,0.3057200180937295,0.1823566987152875,157.077824351813,93.6480410994254,63.42978325238758,74.01799162706521
AGC_108,ENTRENAMIENTO,Puebla,Chignahuapan,3.79,19.88993778560666,-98.21737097945406,2865.1,7.38,12.95,2025-05-30,2025-05-30,2025-05-30,False,ok,2025-06-14,2025-09-08,0.646,22.091666666666665,47.647222222222226,30.266666666666666,3.0371133333333336,1.2208333333333334,24.483333333333334,0.2804875565076912,0.1523360476214666,127.32755772469189,69.14437137270139,58.183186351990486,76.89090533173473
AGC_109,ENTRENAMIENTO,Puebla,Chignahuapan,3.14,19.86309241073157,-98.22040051803252,2751.8,2.41,4.21,2025-05-26,2025-05-26,2025-05-26,False,ok,2025-06-09,2025-09-19,0.605,26.758333333333333,44.30833333333333,28.941666666666663,2.614733333333333,1.2666666666666666,22.466666666666665,0.3035542736744399,0.1754028460192,141.24004635964965,81.56281760080017,59.67722875884943,76.89085659314392
AGC_110,ENTRENAMIENTO,Puebla,Chignahuapan,6.19,19.85503082607613,-98.25895356089856,2607.5,0.56,0.98,2025-05-19,2025-05-19,2025-05-19,False,ok,2025-06-01,2025-09-06,0.682,31.98125,37.516666666666666,30.53125,2.666453333333333,1.2675,15.6875,0.337459302486599,0.2035490179062125,170.6734640914504,102.9072365047892,67.7662275866612,80.34617074823191
AGC_111,ENTRENAMIENTO,Puebla,Chignahuapan,1.71,19.89491857423892,-98.24639839549076,2883.5,5.43,9.51,2025-06-08,2025-06-08,2025-06-08,False,ok,2025-06-24,2025-09-19,0.717,21.66111111111111,47.291666666666664,31.063888888888897,2.9106866666666664,1.2155555555555555,21.95277777777778,0.2775378354491142,0.1490427312973555,130.20598818762272,69.93619745212348,60.26979073549925,77.09706249105518
AGC_112,ENTRENAMIENTO,Tlaxcala,Calpulalpan,7.96,19.58734889686187,-98.52709655087618,2537.0,1.15,2.01,2025-05-30,2025-05-30,2025-05-30,False,ok,2025-06-11,2025-09-04,0.79,30.233333333333334,43.608333333333334,26.164583333333333,2.1578733333333333,1.2797916666666669,15.008333333333333,0.3171755836086101,0.1922937318249249,161.7043832699444,98.01284105651231,63.6915422134321,74.92911107021112
AGC_113,PREDICCION,Hidalgo,Singuilucan,10.58,19.955276902984377,-98.389510806369,2712.0,3.48,6.08,2025-06-18,2025-06-18,2025-06-18,False,ok,2025-07-03,2025-08-13,0.753,27.205208333333335,43.22083333333333,29.569791666666667,2.459034583333333,1.2379166666666668,19.014583333333334,0.3065973303995143,0.17723849397775,148.95273459459742,86.00943575460566,62.943298839991755,77.61530185305861
AGC_114,ENTRENAMIENTO,Tlaxcala,Calpulalpan,6.95,19.55298671416747,-98.57688222000668,2678.1,2.54,4.43,2025-06-04,2025-06-04,2025-06-04,False,ok,2025-06-17,2025-08-31,0.769,29.551666666666662,45.733333333333334,24.703333333333333,1.9736926666666668,1.2725,17.35,0.3094592312787161,0.1879107728907519,153.23756357846048,92.94058829470302,60.296975283757455,72.92907503277851
AGC_115,ENTRENAMIENTO,Puebla,Chignahuapan,1.93,19.85735593136792,-98.27104376282644,2600.8,0.47,0.83,2025-05-23,2025-05-23,2025-05-23,False,ok,2025-06-05,2025-08-14,0.637,32.916666666666664,38.4875,28.60625,2.8589666666666664,1.2483333333333333,17.229166666666668,0.341768122703886,0.209696283648725,169.6879804268242,104.08285373949924,65.60512668732495,79.24310343309666
AGC_116,PREDICCION,Puebla,Chignahuapan,7.43,19.848091895744492,-98.26214948291371,2604.7,0.76,1.33,2025-05-19,2025-05-19,2025-05-19,False,ok,2025-06-01,2025-09-06,0.802,32.19166666666667,37.50833333333333,30.284722222222225,2.603000555555555,1.269861111111111,15.0,0.3379245002521341,0.2044088733806222,172.29582659610628,104.18157836026016,68.11424823584613,80.10937612290714
AGC_117,ENTRENAMIENTO,Tlaxcala,Calpulalpan,5.68,19.559347188564207,-98.52118517016764,2584.1,2.02,3.53,2025-05-24,2025-05-24,2025-07-26,True,doble_ciclo,2025-08-10,2025-09-26,0.694,28.289583333333333,45.327083333333334,26.389583333333334,1.9660783333333332,1.283958333333333,14.910416666666666,0.3034747101499244,0.180574746788075,154.89745786118792,92.13381581526406,62.76364204592387,73.73997801710968
AGC_118,PREDICCION,Hidalgo,Singuilucan,4.42,19.947550992405443,-98.4231462678866,2780.5,7.59,13.33,2025-06-08,2025-06-08,2025-06-08,False,ok,2025-06-23,2025-08-29,0.769,26.166666666666668,45.71666666666667,28.111111111111107,2.6381988888888888,1.247222222222222,20.833333333333332,0.2994430417956245,0.1727664311249555,142.2401770060874,81.97404006960969,60.26613693647772,76.0059664024014
AGC_119,ENTRENAMIENTO,Hidalgo,Cuautepec de Hinojosa,0.64,19.926785733577585,-98.27680092022598,2644.3,7.58,13.32,2025-06-03,2025-06-03,2025-06-03,False,ok,2025-06-16,2025-08-30,0.749,27.166666666666668,44.266666666666666,28.491666666666667,2.221086666666667,1.2716666666666667,17.883333333333333,0.3023670919715649,0.1757253069588,148.9147293068072,86.44903762165792,62.465691685149295,75.98507100765897
AGC_120,PREDICCION,Tlaxcala,Nanacamilpa de Mariano Arista,7.47,19.53671886032465,-98.53669743860335,2617.6,5.97,10.46,2025-06-01,2025-06-01,2025-06-01,False,ok,2025-06-14,2025-08-30,0.895,30.055208333333333,43.52708333333333,26.415625,2.8174829166666666,1.25875,17.8625,0.3220601741390922,0.1947128100700375,158.5621311336453,95.7666146191208,62.795516514524515,76.40841844143284
AGC_121,ENTRENAMIENTO,Hidalgo,Singuilucan,5.92,19.951097929049507,-98.41359676518836,2755.1,2.6,4.54,2025-06-19,2025-06-19,2025-06-19,False,ok,2025-07-05,2025-09-01,0.847,27.183333333333337,44.73928571428572,28.05952380952381,2.617606666666666,1.2401190476190478,17.863095238095237,0.305496014508862,0.1781238566853061,150.54616467088897,87.72801951901475,62.8181451518742,76.42329469413355
AGC_122,ENTRENAMIENTO,Tlaxcala,Calpulalpan,7.45,19.54154287118157,-98.60063160674972,2710.6,5.53,9.68,2025-05-31,2025-05-31,2025-05-31,False,ok,2025-06-13,2025-08-27,0.782,28.96111111111111,47.00555555555555,24.01944444444444,2.244552222222222,1.2480555555555557,17.73611111111111,0.307066654244776,0.1861333620204666,151.38263862398185,91.64918412205844,59.73345450192341,72.55997533458563
AGC_123,ENTRENAMIENTO,Tlaxcala,Calpulalpan,8.01,19.551269293496496,-98.59896181635555,2692.4,1.97,3.43,2025-06-01,2025-06-01,2025-06-01,False,ok,2025-06-14,2025-08-26,0.692,29.292857142857137,46.94523809523809,23.77261904761905,2.0088704761904763,1.2814285714285716,17.758333333333336,0.3066776705983609,0.1867590429442775,151.12799155765634,91.936384372628,59.191607185028346,71.95117659245
AGC_124,ENTRENAMIENTO,Puebla,Chignahuapan,1.96,19.85571224946381,-98.22622558697512,2717.4,5.92,10.36,2025-05-27,2025-05-27,2025-07-28,True,doble_ciclo,2025-08-13,2025-09-18,0.753,30.883333333333333,42.8,26.33888888888889,2.6836933333333333,1.2469444444444444,19.38611111111111,0.3254392157670062,0.1982543467985333,157.38132527321062,95.81235675552357,61.568968517687054,76.31092138108377
AGC_125,ENTRENAMIENTO,Puebla,Chignahuapan,10.14,19.847749529833724,-98.25944841936088,2608.1,0.61,1.07,2025-05-19,2025-05-19,2025-05-19,False,ok,2025-06-01,2025-08-14,0.79,32.574074074074076,37.718518518518515,29.69537037037037,2.5973337037037036,1.270185185185185,14.819444444444446,0.3393102029499202,0.2065205639697308,173.3611115552686,105.47489183629784,67.88621971897075,79.67378338811358
AGC_126,PREDICCION,Puebla,Chignahuapan,5.75,19.895893046993336,-98.24370728104222,2891.6,2.92,5.1,2025-05-25,2025-05-25,2025-07-09,True,doble_ciclo,2025-07-27,2025-09-20,0.764,21.696666666666665,47.501666666666665,30.805,3.0080926666666663,1.2065,21.808333333333337,0.2783481444349526,0.149847937007616,130.8607291995903,70.46499089848977,60.39573830110054,77.10012445640191
AGC_127,ENTRENAMIENTO,Puebla,Chignahuapan,0.91,19.880273768444656,-98.256175595528,2725.8,6.91,12.13,2025-06-01,2025-06-01,2025-06-01,False,ok,2025-06-15,2025-09-06,0.68,22.583333333333332,45.59583333333333,31.816666666666663,3.0687733333333336,1.24125,22.075,0.2871558593457326,0.1552678223016,134.4215658400275,72.65684065608258,61.76472518394495,79.13282222647962
AGC_128,PREDICCION,Hidalgo,Almoloya,6.15,19.80516586480138,-98.2691900300045,2630.1,1.8,3.14,2025-05-21,2025-05-21,2025-05-21,False,ok,2025-06-03,2025-08-07,0.755,27.35,45.24333333333333,27.435,2.2512566666666665,1.2798333333333334,16.825,0.3015752652652449,0.176815776533376,150.46579896675323,88.1721626289897,62.293636337763566,74.85569323912134
AGC_129,PREDICCION,Hidalgo,Singuilucan,8.16,19.976635028542777,-98.37403543214668,2650.7,1.76,3.08,2025-06-05,2025-06-05,2025-06-05,False,ok,2025-06-19,2025-08-26,0.841,30.381944444444446,43.96527777777778,25.64861111111111,2.97539,1.1702777777777778,19.06388888888889,0.3253186560924535,0.1977451566204778,157.98862257730866,95.94671158772051,62.04191098958814,76.54409968318544
AGC_130,PREDICCION,Hidalgo,Cuautepec de Hinojosa,12.1,19.932831596557744,-98.27345824026835,2650.2,6.02,10.54,2025-05-30,2025-05-30,2025-05-30,False,ok,2025-06-13,2025-07-23,0.707,26.780952380952375,45.338095238095235,27.870238095238093,2.4082638095238096,1.2523809523809524,19.808333333333337,0.3007204380683468,0.1747822204791836,144.66871095549976,83.97936439923072,60.68934655626904,75.56293055349789
AGC_131,ENTRENAMIENTO,Puebla,Chignahuapan,1.46,19.874484537709566,-98.26371115918312,2623.6,2.67,4.67,2025-06-12,2025-06-12,2025-06-12,False,ok,2025-06-27,2025-09-06,0.791,32.72083333333333,40.77291666666667,26.50625,2.7059616666666666,1.2327083333333333,17.7,0.3368042408713638,0.2082500798111749,166.18318276532057,102.68217798941302,63.50100477590756,77.13249663611327
AGC_132,ENTRENAMIENTO,Puebla,Chignahuapan,6.1,19.89358251632582,-98.2332032688638,2879.8,3.63,6.34,2025-05-29,2025-05-29,2025-05-29,False,ok,2025-06-13,2025-09-07,0.783,22.375,47.54833333333333,30.085,2.7767893333333333,1.2023333333333333,21.106666666666666,0.2789059510111754,0.152147055617472,132.3010604279422,72.17637304164114,60.12468738630106,76.05533723622204
AGC_133,ENTRENAMIENTO,Puebla,Chignahuapan,6.08,19.891324916698075,-98.24955359730436,2840.6,2.91,5.09,2025-05-28,2025-05-28,2025-05-28,False,ok,2025-06-11,2025-08-24,0.809,21.30625,47.29375,31.385416666666668,2.768456666666667,1.225,21.108333333333334,0.2744925672560677,0.146281219140825,130.111308173178,69.34361301462508,60.767695158552925,76.92680886914563
AGC_134,ENTRENAMIENTO,Hidalgo,Almoloya,2.25,19.75071698766936,-98.35444816357766,2766.9,7.15,12.54,2025-05-21,2025-05-21,2025-05-21,False,ok,2025-06-04,2025-07-05,0.796,25.654166666666665,44.333333333333336,30.014583333333334,2.5173991666666664,1.239375,19.985416666666666,0.2978413225652293,0.1688964197559875,143.03295624523264,81.03901079849193,61.99394544674072,77.36694168554511
AGC_135,ENTRENAMIENTO,Puebla,Chignahuapan,1.62,19.894200729575793,-98.24607483527534,2875.0,6.42,11.26,2025-05-27,2025-05-27,2025-07-12,True,doble_ciclo,2025-07-30,2025-09-19,0.732,21.895833333333332,47.3125,30.770833333333332,2.825205,1.2083333333333333,21.016666666666666,0.2775592196560399,0.1497587767286,131.8099675768157,71.13871764074256,60.67124993607312,76.680265756464
AGC_136,PREDICCION,Puebla,Chignahuapan,1.69,19.85981891092519,-98.2540730113492,2610.0,0.29,0.51,2025-05-17,2025-05-17,2025-05-17,False,ok,2025-05-29,2025-09-01,0.724,32.44375,39.4375,28.11875,3.56868,1.2279166666666668,16.43125,0.3436307875568462,0.2104152605525499,172.28553813414555,105.46842340182997,66.81711473231562,79.9293162025777
AGC_137,ENTRENAMIENTO,Hidalgo,Almoloya,24.81,19.763768164861325,-98.28329027168428,2721.7,4.22,7.38,2025-05-15,2025-05-15,2025-05-15,False,ok,2025-05-28,2025-08-28,0.794,24.03888888888889,45.65,30.31805555555556,2.592824166666667,1.2459722222222225,19.14097222222222,0.2886154472650861,0.1604251561724833,140.03827926517937,77.78070102244055,62.257578242738795,76.91417465556165
AGC_138,ENTRENAMIENTO,Tlaxcala,Calpulalpan,7.86,19.565875653701585,-98.52562481021884,2580.6,1.49,2.61,2025-06-01,2025-06-01,2025-06-01,False,ok,2025-06-13,2025-09-04,0.77,27.881666666666668,46.653333333333336,25.445,2.057306666666667,1.2778333333333332,15.991666666666667,0.3000523611793497,0.178809208837448,151.1863556710024,90.0606555861104,61.12570008489199,72.74589140514104
AGC_139,ENTRENAMIENTO,Puebla,Chignahuapan,1.92,19.85701789599677,-98.27165237113698,2600.3,0.34,0.6,2025-05-19,2025-05-19,2025-05-19,False,ok,2025-05-31,2025-08-31,0.688,32.916666666666664,38.4875,28.60625,2.8589666666666664,1.2483333333333333,17.229166666666668,0.341768122703886,0.209696283648725,169.6879804268242,104.08285373949924,65.60512668732495,79.24310343309666
AGC_140,ENTRENAMIENTO,Hidalgo,Singuilucan,4.13,19.966244791436065,-98.42767602534586,2748.1,1.63,2.84,2025-06-05,2025-06-05,2025-06-05,False,ok,2025-06-19,2025-08-30,0.876,28.047916666666666,45.36666666666667,26.60625,2.4624466666666662,1.259375,18.008333333333333,0.3069788028558715,0.18206958703035,150.92102711810642,89.43261126365033,61.48841585445609,74.9455294953129
AGC_141,ENTRENAMIENTO,Tlaxcala,Calpulalpan,3.94,19.562595835325816,-98.55018948231312,2621.0,1.87,3.26,2025-07-16,2025-07-16,2025-07-16,False,ok,2025-07-31,2025-09-16,0.77,29.26,45.031666666666666,25.726666666666667,1.906456666666667,1.2818333333333334,16.658333333333335,0.3084507167137997,0.1858324994577359,154.0990802020405,92.76576384668296,61.33331635535754,73.57093035363826
AGC_142,PREDICCION,Puebla,Chignahuapan,1.29,19.880027849691153,-98.24870333425696,2726.0,7.95,13.97,2025-05-19,2025-05-19,2025-05-19,False,ok,2025-06-01,2025-09-06,0.555,22.133333333333333,45.90833333333333,31.95,2.8876999999999997,1.2541666666666669,22.816666666666663,0.2820351874713728,0.1514515385871999,130.8095023159036,70.24952177665233,60.5599805392513,78.35018933050368
AGC_143,PREDICCION,Puebla,Chignahuapan,11.48,19.852076165893106,-98.28553337210973,2616.8,2.32,4.05,2025-05-16,2025-05-16,2025-05-16,False,ok,2025-05-28,2025-09-07,0.733,31.64285714285714,39.720238095238095,28.667857142857144,2.4273509523809524,1.2353571428571428,17.117857142857144,0.3314558355739598,0.201033698040453,164.72682957150153,99.84487862044344,64.8819509510581,78.25328252010408
AGC_144,ENTRENAMIENTO,Tlaxcala,Calpulalpan,7.48,19.579764430150934,-98.5969122644978,2644.7,3.49,6.11,2025-06-01,2025-06-01,2025-06-01,False,ok,2025-06-14,2025-08-13,0.732,28.701190476190476,44.222619047619055,27.079761904761902,2.308723333333333,1.2727380952380951,18.33809523809524,0.3100168788060809,0.1845451353774489,151.72415832719497,90.23301486691696,61.491143460278,75.28304605717918
AGC_145,ENTRENAMIENTO,Tlaxcala,Calpulalpan,8.33,19.55029150536257,-98.5946502651634,2674.6,2.13,3.72,2025-06-01,2025-06-01,2025-06-01,False,ok,2025-06-14,2025-07-28,0.785,29.883333333333333,46.39833333333333,23.721666666666668,2.1940773333333334,1.301,18.436666666666667,0.3118231397062888,0.190899195457312,152.40707465669544,93.2177025083226,59.18937214837286,72.55436654938609
AGC_146,ENTRENAMIENTO,Hidalgo,Almoloya,1.33,19.807116523404808,-98.26801611886265,2627.2,0.64,1.12,2025-05-19,2025-05-19,2025-05-19,False,ok,2025-06-01,2025-08-08,0.751,28.66875,45.047916666666666,26.285416666666663,2.1736766666666667,1.2764583333333333,15.035416666666666,0.3075834840853822,0.183756452473125,156.7537685771201,93.6051031897888,63.148665387331306,74.29621896735429
AGC_147,PREDICCION,Tlaxcala,Calpulalpan,6.8,19.57100677511179,-98.60315428981104,2670.1,4.18,7.31,2025-06-01,2025-06-01,2025-06-01,False,ok,2025-06-14,2025-08-12,0.79,28.08611111111111,45.88055555555555,26.0375,2.173197777777778,1.2630555555555554,18.498611111111114,0.3034861538825533,0.1806332393475888,148.29901236299614,88.21059947679136,60.08841288620478,73.71174872097868
AGC_148,ENTRENAMIENTO,Hidalgo,Singuilucan,2.46,19.952928113886536,-98.4091340441434,2747.0,1.24,2.16,2025-06-23,2025-06-23,2025-06-23,False,ok,2025-07-09,2025-08-29,0.861,27.783333333333335,45.075,27.145833333333332,2.5134483333333333,1.2533333333333334,15.879166666666666,0.306746515335742,0.1808610600752,154.80040057083488,91.22284371671942,63.57755685411544,75.53127315632518
AGC_149,PREDICCION,Hidalgo,Cuautepec de Hinojosa,8.99,19.931605383947616,-98.27634276516896,2649.5,7.47,13.11,2025-05-31,2025-05-31,2025-05-31,False,ok,2025-06-14,2025-08-29,0.731,26.363095238095237,45.692857142857136,27.93095238095238,2.494874285714286,1.245,20.63571428571429,0.2989752618279548,0.1729648914463428,142.3847962004513,82.28523838263126,60.09955781782004,75.60622222896717
AGC_150,ENTRENAMIENTO,Puebla,Chignahuapan,1.99,19.858329992037223,-98.24970511615874,2615.6,0.81,1.41,2025-05-27,2025-05-27,2025-05-27,False,ok,2025-06-09,2025-08-24,0.732,31.985416666666666,39.858333333333334,28.158333333333335,3.3406091666666664,1.235625,15.322916666666666,0.3392279217814153,0.206873257979125,172.3320409884118,105.05815838147214,67.27388260693964,79.41279828137417
AGC_151,ENTRENAMIENTO,Hidalgo,Almoloya,9.32,19.77299679574309,-98.28242563578712,2735.2,7.21,12.65,2025-05-16,2025-05-16,2025-05-16,False,ok,2025-05-29,2025-07-08,0.832,22.276041666666668,46.16979166666667,31.555208333333333,2.73685,1.2220833333333334,19.822916666666668,0.2810883664146216,0.1515632068979375,135.31815309857575,72.92387124119838,62.39428185737738,77.71509571001047
AGC_152,ENTRENAMIENTO,Hidalgo,Almoloya,2.63,19.77700254021186,-98.27703297351596,2762.0,4.9,8.57,2025-05-19,2025-05-19,2025-05-19,False,ok,2025-06-01,2025-07-07,0.788,21.325,47.516666666666666,31.180555555555554,2.713384444444445,1.1833333333333331,19.936111111111114,0.2742372686866385,0.1463581034665333,131.8434197016099,70.33139386571614,61.51202583589374,76.72749913206316
AGC_153,PREDICCION,Puebla,Chignahuapan,1.99,19.863013115249213,-98.26092255388114,2606.3,0.32,0.55,2025-05-27,2025-05-27,2025-05-27,False,ok,2025-06-09,2025-09-06,0.629,32.87777777777777,39.108333333333334,28.025,2.81012,1.2436111111111112,16.058333333333334,0.34044378871502,0.2093816086034889,171.4227929737708,105.40532881076712,66.01746416300372,78.63730806691873
AGC_154,PREDICCION,Puebla,Chignahuapan,1.49,19.877119239166028,-98.26307725526802,2635.8,3.8,6.64,2025-05-30,2025-05-30,2025-05-30,False,ok,2025-06-13,2025-08-13,0.834,31.213888888888892,40.74444444444445,28.077777777777772,2.563013333333333,1.2641666666666669,19.038888888888888,0.3290778520312327,0.1993836790999111,159.73059261783095,96.69288433297156,63.03770828485939,77.81650375879292
AGC_155,ENTRENAMIENTO,Puebla,Chignahuapan,2.24,19.88440230506736,-98.22374601495449,2754.8,6.02,10.55,2025-07-12,2025-07-12,2025-07-12,False,ok,2025-07-28,2025-09-06,0.817,23.825,45.525,30.65,2.563013333333333,1.25,18.966666666666665,0.287303584212541,0.158916789584,139.78166038620293,77.28745403571249,62.49420635049045,77.03207677712464
AGC_156,PREDICCION,Hidalgo,Singuilucan,8.2,19.97036081476016,-98.43357035735409,2752.7,1.39,2.42,2025-06-07,2025-06-07,2025-06-07,False,ok,2025-06-21,2025-08-27,0.854,27.49375,45.875,26.625,2.465679166666667,1.2577083333333334,19.414583333333333,0.3036997333642677,0.1791123863083624,146.79956455501213,86.51232602177294,60.287238533239176,74.75240823354316
AGC_157,ENTRENAMIENTO,Tlaxcala,Calpulalpan,1.18,19.563750666666667,-98.54940933333332,2617.2,1.89,3.3,2025-05-19,2025-05-19,2025-07-27,True,doble_ciclo,2025-08-11,2025-09-17,0.787,29.1375,45.18333333333333,25.675,1.8971183333333332,1.2858333333333334,16.595833333333335,0.3074764132304974,0.1850714608428,153.7308327436677,92.45657525316196,61.27425749050572,73.44297143261844
AGC_158,PREDICCION,Puebla,Chignahuapan,11.22,19.87027673707344,-98.2780822934436,2631.4,1.07,1.86,2025-06-11,2025-06-11,2025-06-11,False,ok,2025-06-26,2025-09-06,0.704,30.44027777777778,41.201388888888886,28.351388888888888,2.3875005555555555,1.2627777777777778,17.25972222222222,0.3235561693417847,0.1943620324348111,160.51989445554855,96.35636002554835,64.1635344300002,77.51648214418415
AGC_159,ENTRENAMIENTO,Puebla,Chignahuapan,2.14,19.860678823919375,-98.24328817627948,2628.7,1.85,3.23,2025-05-19,2025-05-19,2025-08-07,True,doble_ciclo,2025-08-23,2025-10-26,0.786,33.44583333333333,40.729166666666664,25.816666666666663,3.329475,1.2354166666666666,19.129166666666663,0.3442656280064265,0.2147979936163,166.92822914760023,104.05197068031671,62.87625846728353,77.68058063407591
AGC_160,ENTRENAMIENTO,Puebla,Chignahuapan,7.61,19.852015911813204,-98.222564321849,2741.5,3.1,5.42,2025-05-14,2025-05-14,2025-07-26,True,doble_ciclo,2025-08-12,2025-10-10,0.788,27.35277777777778,44.46527777777778,28.181944444444447,2.6731577777777775,1.2511111111111113,20.275,0.3064098794475263,0.1789165002399111,146.60430923307962,85.56870035906655,61.03560887401305,76.49602752456914
AGC_161,ENTRENAMIENTO,Puebla,Chignahuapan,3.36,19.865953861476076,-98.22020043689908,2733.9,6.3,11.05,2025-05-14,2025-05-14,2025-07-24,True,doble_ciclo,2025-08-10,2025-09-21,0.794,27.69722222222222,43.7,28.622222222222227,2.655917777777778,1.2597222222222222,20.702777777777776,0.3092946992477725,0.1807824448472222,147.12476048186016,85.93308138734326,61.19167909451689,77.10735264033013
AGC_162,ENTRENAMIENTO,Puebla,Chignahuapan,4.93,19.88371070909728,-98.2327049068028,2835.1,5.01,8.77,2025-07-05,2025-07-05,2025-07-05,False,ok,2025-07-22,2025-09-07,0.617,23.283333333333335,46.0125,30.715277777777775,2.8520227777777776,1.2295833333333333,21.930555555555557,0.2866578956913168,0.1575431509848222,134.49439854949827,73.91093612657396,60.58346242292432,77.46884682389671
AGC_163,ENTRENAMIENTO,Tlaxcala,Calpulalpan,2.57,19.564788671261528,-98.54943879763604,2612.4,1.81,3.16,2025-05-21,2025-05-21,2025-05-21,False,ok,2025-06-02,2025-09-17,0.756,29.091666666666665,45.333333333333336,25.591666666666665,1.8935266666666664,1.29,16.541666666666668,0.3069191672827167,0.1847642428204,153.5690143557731,92.37951485330936,61.189499502463775,73.29295467739001
AGC_164,ENTRENAMIENTO,Hidalgo,Apan,11.84,19.61004939582587,-98.522219607371,2497.2,0.83,1.45,2025-06-02,2025-06-02,2025-06-02,False,ok,2025-06-14,2025-09-04,0.745,31.840625,40.246875,27.914583333333333,1.9048404166666668,1.3373958333333331,12.863541666666666,0.3280031333173288,0.1998977238497906,171.3326833912186,104.33488826522417,66.99779512599444,76.86324568052287
AGC_165,ENTRENAMIENTO,Puebla,Chignahuapan,6.21,19.89298418430782,-98.23726014554543,2903.4,2.39,4.18,2025-06-10,2025-06-10,2025-06-10,False,ok,2025-06-27,2025-08-25,0.769,21.752777777777776,47.94722222222222,30.29444444444444,2.8168244444444444,1.2041666666666666,22.797222222222224,0.27561628217677,0.1489552845615777,127.9652933451147,69.17671470802894,58.78857863708576,75.99659856911533
AGC_166,ENTRENAMIENTO,Hidalgo,Singuilucan,6.76,19.945199708234732,-98.39676593083205,2692.9,3.69,6.45,2025-05-30,2025-05-30,2025-05-30,False,ok,2025-06-12,2025-07-25,0.741,29.25,43.59375,27.145833333333332,2.434790833333333,1.238125,18.55,0.3154441256332618,0.1885617419195125,154.0281638793033,91.95736267529556,62.07080120400771,76.12943022824962
AGC_167,ENTRENAMIENTO,Puebla,Chignahuapan,2.46,19.86012128405794,-98.23991998492887,2635.5,3.76,6.58,2025-05-18,2025-05-18,2025-07-16,True,doble_ciclo,2025-08-02,2025-09-18,0.769,33.36666666666667,41.31041666666667,25.33125,3.558264166666666,1.23,18.258333333333333,0.3449140380778523,0.21550982531315,169.08021612267825,105.55870199074624,63.52151413193202,77.64252765882138
AGC_168,ENTRENAMIENTO,Puebla,Chignahuapan,1.53,19.87823959280411,-98.26549602897686,2632.6,3.56,6.23,2025-05-27,2025-05-27,2025-05-27,False,ok,2025-06-10,2025-07-19,0.786,28.129166666666663,41.858333333333334,30.033333333333335,2.5077016666666667,1.2695833333333333,19.220833333333335,0.3129286247230449,0.18225245182735,151.5685174150418,88.17713534126378,63.391382073778,78.40570373741693
AGC_169,ENTRENAMIENTO,Tlaxcala,Calpulalpan,2.51,19.59083479546883,-98.52887054025015,2529.3,1.11,1.95,2025-05-26,2025-05-26,2025-07-23,True,doble_ciclo,2025-08-07,2025-09-04,0.82,30.47222222222222,43.0,26.511111111111113,2.178944444444445,1.2825,14.21388888888889,0.3193461597311009,0.1936602137857778,164.33305822463154,99.63426928547376,64.69878893915781,75.41156756719388
AGC_170,ENTRENAMIENTO,Tlaxcala,Calpulalpan,8.13,19.609178659349677,-98.52544045147609,2501.3,1.36,2.38,2025-05-31,2025-05-31,2025-05-31,False,ok,2025-06-12,2025-09-04,0.705,31.47833333333333,40.42666666666667,28.091666666666665,1.873126,1.3365,12.713333333333331,0.3257953609625886,0.197749951980816,170.47866636879203,103.39691166555744,67.0817547032346,76.82724538906353
AGC_171,ENTRENAMIENTO,Puebla,Chignahuapan,11.63,19.86764072016119,-98.27101216017478,2628.1,1.56,2.73,2025-06-04,2025-06-04,2025-06-04,False,ok,2025-06-18,2025-09-06,0.677,32.14895833333333,40.95729166666667,26.915625,2.677767083333334,1.2485416666666669,17.025,0.3338065042551329,0.2050302229845093,166.13000720503896,102.00942013092772,64.12058707411128,77.26576876237411
AGC_172,ENTRENAMIENTO,Puebla,Chignahuapan,2.33,19.89974242938742,-98.23232496496752,2886.2,3.54,6.19,2025-05-27,2025-05-27,2025-07-10,True,doble_ciclo,2025-07-28,2025-09-07,0.743,22.077777777777776,47.263888888888886,30.688888888888897,2.9341522222222225,1.1991666666666667,20.541666666666668,0.2797549543429475,0.1514589501515333,133.68134394418007,72.39220362948231,61.289140314697754,76.9776025148485
AGC_173,PREDICCION,Tlaxcala,Calpulalpan,3.6,19.595658228779183,-98.56162503006254,2567.1,1.26,2.19,2025-05-18,2025-05-18,2025-05-18,False,ok,2025-05-29,2025-08-30,0.784,29.0875,43.28333333333333,27.616666666666667,1.902865,1.2970833333333334,13.475,0.3100627553674506,0.18461266335975,160.8978020333421,95.75604126973846,65.1417607636036,75.27005520462038
AGC_174,PREDICCION,Hidalgo,Cuautepec de Hinojosa,6.89,19.89818392804266,-98.3042784281099,2546.5,2.58,4.51,2025-05-25,2025-05-25,2025-05-25,False,ok,2025-06-08,2025-07-04,0.701,28.804166666666667,42.958333333333336,28.2375,2.4096491666666666,1.2725,16.08125,0.3133519219377084,0.1855257534674125,157.68383825959873,93.30199091010458,64.38184734949415,76.69570108217755
AGC_175,PREDICCION,Puebla,Chignahuapan,1.41,19.852996945864717,-98.24161370758742,2644.8,2.98,5.21,2025-05-19,2025-05-19,2025-08-08,True,doble_ciclo,2025-08-24,2025-10-14,0.783,31.927777777777777,41.55,26.505555555555553,2.7028488888888886,1.2394444444444446,19.313888888888886,0.3322233685740614,0.2039857733415111,160.75462977117854,98.62959403020528,62.12503574097325,76.94255713953017
AGC_176,ENTRENAMIENTO,Puebla,Chignahuapan,7.15,19.848760472318883,-98.23505384403995,2693.0,4.79,8.37,2025-06-03,2025-06-03,2025-06-03,False,ok,2025-06-17,2025-09-02,0.685,29.675,42.958333333333336,27.348611111111108,2.490222222222222,1.2480555555555557,18.586111111111112,0.318068660646585,0.1907131006680555,155.28255030360188,93.03426506386675,62.2482852397351,76.41333598711768
AGC_177,PREDICCION,Puebla,Chignahuapan,5.66,19.853050794611782,-98.25328447828582,2612.8,0.77,1.34,2025-05-28,2025-05-28,2025-05-28,False,ok,2025-06-10,2025-09-01,0.754,32.63333333333333,39.391666666666666,27.969444444444445,3.0246622222222226,1.256388888888889,16.108333333333334,0.3405384713009378,0.2089926601853111,171.36805336046,105.12650908424604,66.24154427621397,78.927486669376
AGC_178,ENTRENAMIENTO,Puebla,Chignahuapan,9.82,19.85814301714515,-98.29422154504525,2641.3,1.29,2.26,2025-06-07,2025-06-07,2025-06-07,False,ok,2025-06-21,2025-09-07,0.672,30.29027777777778,41.661111111111104,28.04861111111111,2.2783138888888885,1.233888888888889,17.729166666666668,0.3215415966495555,0.1931748310231889,158.63669189291863,95.24607108924587,63.39062080367276,77.02005937582001
AGC_179,ENTRENAMIENTO,Puebla,Chignahuapan,6.35,19.858559183267264,-98.22575766902486,2731.3,5.26,9.21,2025-05-27,2025-05-27,2025-07-28,True,doble_ciclo,2025-08-13,2025-09-19,0.766,29.875,43.031666666666666,27.098333333333336,2.517902,1.2495,19.885,0.3189947629571301,0.191878602857336,153.32471483394468,92.181897002349,61.14281783159568,76.26969605987651
AGC_180,ENTRENAMIENTO,Hidalgo,Almoloya,10.9,19.74921219527857,-98.35096573384271,2774.2,6.22,10.9,2025-05-21,2025-05-21,2025-05-21,False,ok,2025-06-04,2025-07-21,0.792,25.41547619047619,44.458333333333336,30.126190476190477,2.4300190476190475,1.2340476190476193,20.316666666666663,0.2956152838049631,0.167069459839102,141.36036681644345,79.83376122823518,61.5266055882083,77.12749437951663
AGC_181,ENTRENAMIENTO,Puebla,Chignahuapan,1.49,19.874966852247063,-98.25966987306572,2639.2,6.86,12.02,2025-05-28,2025-05-28,2025-07-14,True,doble_ciclo,2025-07-31,2025-09-06,0.776,30.191666666666663,42.03333333333333,27.804166666666667,2.6707633333333334,1.2504166666666667,18.475,0.3234385597619056,0.1944134949758,158.1029599623373,94.9412981749836,63.161661787353694,77.41503887166337
AGC_182,PREDICCION,Puebla,Chignahuapan,4.13,19.84814966036269,-98.24406381145651,2643.4,3.6,6.3,2025-05-31,2025-05-31,2025-05-31,False,ok,2025-06-14,2025-09-02,0.639,30.776388888888892,41.68611111111111,27.525,2.4504744444444446,1.2484722222222222,18.79027777777778,0.3247308377634303,0.1964712392150833,158.1041219152331,95.57271594167848,62.5314059735546,76.95575912900819
AGC_183,PREDICCION,Tlaxcala,Calpulalpan,7.85,19.57459595853472,-98.54983447749116,2579.3,1.56,2.73,2025-05-31,2025-05-31,2025-05-31,False,ok,2025-06-12,2025-09-04,0.69,27.796666666666667,46.32666666666667,25.89,1.872264,1.288333333333333,14.368333333333334,0.2985746968714247,0.177338713076464,153.3540860006252,91.04853085278988,62.30555514783533,72.74159027697642
AGC_184,ENTRENAMIENTO,Hidalgo,Almoloya,9.96,19.80668215006224,-98.26560344184652,2628.9,0.63,1.1,2025-05-22,2025-05-22,2025-05-22,False,ok,2025-06-04,2025-08-28,0.726,28.810416666666665,44.864583333333336,26.335416666666667,2.146020833333333,1.2725,14.916666666666666,0.3083091528919188,0.184383208397225,157.33854118422852,94.05153058983768,63.287010594390864,74.35556669681627
AGC_185,ENTRENAMIENTO,Puebla,Chignahuapan,11.88,19.86361181040159,-98.28151138598484,2632.5,3.01,5.25,2025-05-25,2025-05-25,2025-05-25,False,ok,2025-06-08,2025-07-04,0.667,29.373809523809523,41.31666666666667,29.286904761904765,2.584152857142857,1.234047619047619,17.853571428571428,0.3201707145123243,0.1895018753358245,157.7074521638073,93.27131743007394,64.43613473373334,78.40130350589989
AGC_186,PREDICCION,Puebla,Chignahuapan,11.7,19.85549652286114,-98.27749350730436,2602.2,0.9,1.57,2025-05-17,2025-05-17,2025-05-17,False,ok,2025-05-29,2025-07-21,0.73,32.88125,39.66875,27.439583333333335,2.457059166666667,1.2653125,16.440625,0.3373631332078539,0.2079542535438437,169.06696040103174,104.17313443903342,64.89382596199832,77.64532779840609
AGC_187,ENTRENAMIENTO,Tlaxcala,Calpulalpan,8.04,19.606376931709207,-98.57322048328656,2555.1,0.89,1.55,2025-06-03,2025-06-03,2025-06-03,False,ok,2025-06-15,2025-08-09,0.769,30.208333333333332,43.3625,26.422916666666666,1.9039425,1.3083333333333331,17.60625,0.3155143475117929,0.1909659760016125,155.88583490577224,94.30063944247198,61.58519546330025,74.72902290610824
AGC_188,PREDICCION,Puebla,Chignahuapan,2.34,19.853229131062665,-98.23963733155516,2658.8,3.42,5.98,2025-05-18,2025-05-18,2025-05-18,False,ok,2025-05-31,2025-09-18,0.652,32.06666666666667,41.739583333333336,26.19375,2.6578333333333335,1.2383333333333335,18.866666666666667,0.3322978876287472,0.2045801712510375,161.6633960676034,99.44949195161432,62.21390411598908,76.63062982662584
AGC_189,ENTRENAMIENTO,Puebla,Chignahuapan,4.6,19.840540898932893,-98.25477049774724,2620.2,1.66,2.9,2025-05-22,2025-05-22,2025-05-22,False,ok,2025-06-04,2025-09-01,0.695,29.966666666666665,43.1625,26.860416666666666,2.7336175,1.25625,18.864583333333332,0.321200514904199,0.1935943437209874,156.2633277677633,94.10987447561958,62.15345329214371,76.56370270992696
AGC_190,PREDICCION,Puebla,Chignahuapan,5.01,19.89630227005107,-98.23456915286673,2890.5,2.29,3.99,2025-06-11,2025-06-11,2025-06-11,False,ok,2025-06-28,2025-09-06,0.741,21.960416666666667,47.85,30.18125,2.7400825,1.1997916666666666,20.639583333333334,0.2759729346286723,0.149635259005875,131.6404895792906,71.38554675136487,60.25494282792572,75.80260537367839
AGC_191,PREDICCION,Puebla,Chignahuapan,1.75,19.878875619739613,-98.25096462965236,2711.5,8.31,14.61,2025-05-30,2025-05-30,2025-05-30,False,ok,2025-06-13,2025-09-15,0.696,25.5,44.03333333333333,30.475,2.9868300000000003,1.2504166666666667,22.254166666666663,0.3017935626582468,0.1704873313971,140.89945479392054,79.56535823680242,61.33409655711814,78.78373875668808
AGC_192,PREDICCION,Puebla,Chignahuapan,2.14,19.86605554775497,-98.22748775481784,2708.4,2.63,4.59,2025-05-17,2025-05-17,2025-07-17,True,doble_ciclo,2025-08-03,2025-09-04,0.721,31.429166666666667,41.47083333333333,27.079166666666666,2.4186283333333334,1.247083333333333,18.716666666666665,0.327947867216141,0.1999557052312,159.825906725859,97.37373413518796,62.452172590671054,76.79529719096463
AGC_193,ENTRENAMIENTO,Puebla,Chignahuapan,12.41,19.865771078118893,-98.27429893552512,2630.9,1.56,2.73,2025-06-12,2025-06-12,2025-06-12,False,ok,2025-06-27,2025-09-07,0.733,30.051190476190477,42.03333333333333,27.94404761904762,2.69375,1.2420238095238096,17.91904761904762,0.3229957108121436,0.1937889443071346,158.98516119925154,95.32923325991152,63.65592793933999,77.52405990300535
AGC_194,ENTRENAMIENTO,Hidalgo,Singuilucan,4.12,19.950509054065066,-98.39236189094204,2715.7,3.68,6.44,2025-05-25,2025-05-25,2025-05-25,False,ok,2025-06-08,2025-07-06,0.702,27.989583333333332,43.65416666666667,28.366666666666667,2.4100083333333333,1.2425,18.789583333333333,0.308845396271506,0.18124381903575,150.38940384839538,88.1567719828322,62.23263186556317,76.56094634145362
AGC_195,ENTRENAMIENTO,Puebla,Chignahuapan,1.92,19.860476910674677,-98.26505596475604,2603.5,0.38,0.66,2025-05-28,2025-05-28,2025-05-28,False,ok,2025-06-10,2025-09-06,0.719,32.363888888888894,38.91944444444445,28.716666666666665,2.835501111111111,1.2408333333333332,17.072222222222223,0.3385404104524572,0.2066258444441777,168.40812628551492,102.76016925777124,65.6479570277437,79.14873960496766
AGC_196,ENTRENAMIENTO,Hidalgo,Emiliano Zapata,8.57,19.656256748865168,-98.57907446800544,2544.8,1.63,2.85,2025-06-04,2025-06-04,2025-06-04,False,ok,2025-06-16,2025-08-04,0.845,32.485,41.32833333333333,26.191666666666663,1.7734213333333333,1.3218333333333334,12.633333333333333,0.3286970822788043,0.203049995548176,172.21916550172335,106.35007165073176,65.86909385099162,75.38825203837695
AGC_197,ENTRENAMIENTO,Puebla,Chignahuapan,11.52,19.877952109026353,-98.27467357630684,2613.6,1.28,2.23,2025-06-06,2025-06-06,2025-06-06,False,ok,2025-06-20,2025-09-06,0.651,31.85625,40.235416666666666,27.904166666666665,2.3546966666666664,1.252708333333333,15.925,0.3310987934585712,0.2018641559744874,166.91267127306446,101.69729812460336,65.2153731484611,77.54078249045025
