ID_POLIGON,doble_ciclo,fecha_pico,ndvi_pico,ndvi_base,amplitud,fecha_sos,fecha_siembra,gdd_sos_pico,gdd_siembra_pico,dias_siembra_pico,flag_calidad,doble_prom_12,doble_prom_30,fecha_sos_10,fecha_sos_30,fecha_pico_previo,ndvi_pico_previo,fecha_valle,ndvi_valle,fecha_siembra_A,Estado,Municipio
AGC_001,False,2025-09-23,0.819,0.163,0.656,2025-08-02,2025-07-18,763.0,968.0,67,ok,True,False,2025-06-09,2025-08-07,,,,,,Tlaxcala,Calpulalpan
AGC_002,False,2025-07-04,0.811,0.186,0.625,2025-06-02,2025-05-20,490.0,701.0,45,ok,False,False,2025-05-28,2025-06-06,,,,,,Puebla,Chignahuapan
AGC_003,False,2025-08-27,0.818,0.197,0.621,2025-07-02,2025-06-17,764.0,970.0,71,ok,False,False,2025-06-21,2025-07-05,,,,,,Hidalgo,Singuilucan
AGC_004,False,2025-09-06,0.681,0.188,0.493,2025-06-09,2025-05-27,1306.0,1521.0,102,ok,False,False,2025-06-05,2025-06-12,,,,,,Tlaxcala,Calpulalpan
AGC_005,True,2025-09-21,0.869,0.376,0.493,2025-08-07,2025-07-22,644.0,852.0,61,doble_ciclo,True,True,2025-08-04,2025-08-10,2025-07-03,0.752,2025-07-28,0.376,2025-05-28,Puebla,Chignahuapan
AGC_006,False,2025-09-06,0.804,0.152,0.652,2025-06-23,2025-06-08,908.0,1108.0,90,ok,False,False,2025-06-01,2025-07-01,,,,,,Puebla,Chignahuapan
AGC_007,False,2025-08-31,0.892,0.156,0.735,2025-06-19,2025-06-05,958.0,1163.0,87,ok,False,False,2025-06-14,2025-06-25,,,,,,Hidalgo,Singuilucan
AGC_008,False,2025-09-06,0.723,0.203,0.52,2025-06-05,2025-05-23,1318.0,1524.0,106,ok,False,False,2025-05-30,2025-06-25,,,,,,Puebla,Chignahuapan
AGC_009,False,2025-07-21,0.708,0.238,0.469,2025-06-15,2025-06-02,507.0,707.0,49,ok,False,False,2025-06-11,2025-06-19,,,,,,Hidalgo,Cuautepec de Hinojosa
AGC_010,False,2025-07-04,0.748,0.176,0.572,2025-06-01,2025-05-19,506.0,722.0,46,ok,False,False,2025-05-27,2025-06-09,,,,,,Puebla,Chignahuapan
AGC_011,False,2025-09-06,0.712,0.223,0.489,2025-05-30,2025-05-17,1316.0,1522.0,112,ok,False,False,2025-05-24,2025-06-14,,,,,,Puebla,Chignahuapan
AGC_012,False,2025-09-03,0.772,0.217,0.556,2025-06-18,2025-06-03,931.0,1139.0,92,ok,False,False,2025-06-10,2025-06-27,,,,,,Puebla,Chignahuapan
AGC_013,False,2025-09-20,0.812,0.166,0.646,2025-06-13,2025-05-29,1197.0,1404.0,114,ok,False,False,2025-05-29,2025-06-20,,,,,,Puebla,Chignahuapan
AGC_014,False,2025-08-14,0.811,0.198,0.614,2025-06-01,2025-05-19,1059.0,1275.0,87,ok,False,False,2025-05-26,2025-06-08,,,,,,Puebla,Chignahuapan
AGC_015,True,2025-09-20,0.725,0.391,0.334,2025-08-05,2025-07-19,625.0,835.0,63,doble_ciclo,True,False,2025-08-03,2025-08-08,2025-07-02,0.596,2025-07-29,0.391,2025-05-18,Puebla,Chignahuapan
AGC_016,False,2025-08-14,0.767,0.197,0.569,2025-06-13,2025-05-31,867.0,1071.0,75,ok,False,False,2025-06-02,2025-06-17,,,,,,Puebla,Chignahuapan
AGC_017,False,2025-09-01,0.688,0.206,0.483,2025-06-14,2025-05-31,1047.0,1256.0,93,ok,False,False,2025-05-28,2025-06-18,,,,,,Puebla,Chignahuapan
AGC_018,False,2025-08-08,0.779,0.236,0.544,2025-05-30,2025-05-18,998.0,1200.0,82,ok,False,False,2025-05-25,2025-06-02,,,,,,Puebla,Chignahuapan
AGC_019,False,2025-08-14,0.831,0.18,0.652,2025-06-20,2025-06-07,821.0,1030.0,68,ok,False,False,2025-06-11,2025-06-29,,,,,,Tlaxcala,Calpulalpan
AGC_020,False,2025-08-08,0.878,0.179,0.699,2025-06-21,2025-06-08,711.0,917.0,61,ok,False,False,2025-06-11,2025-06-30,,,,,,Hidalgo,Emiliano Zapata
AGC_021,True,2025-09-18,0.743,0.305,0.438,2025-08-20,2025-08-04,396.0,600.0,45,doble_ciclo,True,False,2025-08-11,2025-08-22,2025-07-18,0.595,2025-07-30,0.305,2025-05-29,Puebla,Chignahuapan
AGC_022,False,2025-08-25,0.672,0.204,0.468,2025-06-08,2025-05-26,1098.0,1300.0,91,ok,False,False,2025-05-31,2025-06-13,,,,,,Puebla,Chignahuapan
AGC_023,False,2025-08-31,0.759,0.19,0.569,2025-06-19,2025-06-06,1059.0,1265.0,86,ok,False,False,2025-06-02,2025-06-24,,,,,,Tlaxcala,Calpulalpan
AGC_024,False,2025-09-06,0.795,0.195,0.6,2025-06-26,2025-06-11,955.0,1160.0,87,ok,False,False,2025-06-15,2025-06-30,,,,,,Puebla,Chignahuapan
AGC_025,True,2025-09-05,0.73,0.371,0.358,2025-08-14,2025-07-30,339.0,552.0,37,doble_ciclo,True,False,2025-08-11,2025-08-19,2025-07-05,0.67,2025-07-23,0.371,2025-05-22,Tlaxcala,Calpulalpan
AGC_026,False,2025-10-13,0.644,0.175,0.469,2025-05-30,2025-05-18,1914.0,2116.0,148,ok,False,False,2025-05-24,2025-06-14,,,,,,Puebla,Chignahuapan
AGC_027,False,2025-08-31,0.828,0.163,0.665,2025-06-15,2025-06-02,1116.0,1333.0,90,ok,False,False,2025-05-26,2025-06-27,,,,,,Tlaxcala,Calpulalpan
AGC_028,False,2025-09-06,0.611,0.212,0.399,2025-06-11,2025-05-28,1160.0,1372.0,101,ok,False,False,2025-05-28,2025-06-27,,,,,,Puebla,Chignahuapan
AGC_029,False,2025-09-16,0.755,0.157,0.598,2025-06-13,2025-05-31,1326.0,1534.0,108,ok,True,False,2025-06-09,2025-08-02,,,,,,Tlaxcala,Calpulalpan
AGC_030,False,2025-09-06,0.737,0.207,0.53,2025-06-15,2025-06-01,1093.0,1303.0,97,ok,True,False,2025-06-10,2025-07-25,,,,,,Hidalgo,Singuilucan
AGC_031,False,2025-09-01,0.715,0.194,0.52,2025-06-02,2025-05-20,1297.0,1508.0,104,ok,False,False,2025-05-18,2025-06-13,,,,,,Puebla,Chignahuapan
AGC_032,False,2025-08-09,0.789,0.18,0.609,2025-06-26,2025-06-11,579.0,784.0,59,ok,False,False,2025-06-17,2025-06-30,,,,,,Puebla,Chignahuapan
AGC_033,False,2025-09-19,0.693,0.176,0.517,2025-06-13,2025-05-30,1281.0,1486.0,112,ok,False,False,2025-05-29,2025-06-16,,,,,,Puebla,Chignahuapan
AGC_034,False,2025-08-29,0.673,0.188,0.486,2025-06-12,2025-05-30,1073.0,1274.0,91,ok,False,False,2025-06-06,2025-06-18,,,,,,Hidalgo,Singuilucan
AGC_035,False,2025-08-28,0.791,0.182,0.609,2025-06-22,2025-06-09,979.0,1184.0,80,ok,False,False,2025-06-16,2025-06-29,,,,,,Hidalgo,Cuautepec de Hinojosa
AGC_036,False,2025-07-03,0.749,0.181,0.568,2025-05-30,2025-05-18,520.0,723.0,46,ok,False,False,2025-05-24,2025-06-04,,,,,,Puebla,Chignahuapan
AGC_037,False,2025-09-01,0.775,0.173,0.602,2025-06-08,2025-05-26,1248.0,1462.0,98,ok,False,False,2025-05-27,2025-06-30,,,,,,Tlaxcala,Calpulalpan
AGC_038,False,2025-08-30,0.752,0.192,0.56,2025-06-19,2025-06-05,984.0,1197.0,86,ok,False,False,2025-06-13,2025-06-27,,,,,,Hidalgo,Singuilucan
AGC_039,False,2025-08-13,0.741,0.169,0.572,2025-06-14,2025-06-02,870.0,1071.0,72,ok,False,False,2025-06-10,2025-06-24,,,,,,Tlaxcala,Calpulalpan
AGC_040,True,2025-09-05,0.803,0.309,0.495,2025-08-11,2025-07-27,383.0,591.0,40,doble_ciclo,True,True,2025-08-05,2025-08-14,2025-07-05,0.69,2025-07-23,0.309,2025-05-25,Tlaxcala,Calpulalpan
AGC_041,False,2025-07-24,0.736,0.187,0.549,2025-06-13,2025-05-31,577.0,778.0,54,ok,False,False,2025-06-07,2025-06-16,,,,,,Hidalgo,Singuilucan
AGC_042,False,2025-08-30,0.749,0.202,0.547,2025-06-13,2025-05-31,1071.0,1272.0,91,ok,False,False,2025-06-03,2025-06-25,,,,,,Hidalgo,Singuilucan
AGC_043,True,2025-10-11,0.817,0.292,0.526,2025-08-13,2025-07-29,841.0,1043.0,74,doble_ciclo,True,True,2025-08-08,2025-08-23,2025-07-21,0.726,2025-08-02,0.292,2025-05-18,Puebla,Chignahuapan
AGC_044,False,2025-07-21,0.76,0.165,0.595,2025-06-16,2025-06-04,522.0,723.0,47,ok,False,False,2025-06-10,2025-06-28,,,,,,Hidalgo,Emiliano Zapata
AGC_045,False,2025-09-06,0.792,0.228,0.564,2025-06-04,2025-05-22,1328.0,1536.0,107,ok,False,False,2025-05-31,2025-06-13,,,,,,Puebla,Chignahuapan
AGC_046,False,2025-08-29,0.818,0.157,0.662,2025-06-21,2025-06-07,962.0,1169.0,83,ok,False,False,2025-06-11,2025-07-01,,,,,,Tlaxcala,Calpulalpan
AGC_047,False,2025-08-30,0.794,0.196,0.598,2025-06-28,2025-06-14,945.0,1149.0,77,ok,False,False,2025-06-17,2025-07-02,,,,,,Hidalgo,Tepeapulco
AGC_048,False,2025-09-04,0.786,0.173,0.613,2025-06-11,2025-05-30,1239.0,1440.0,97,ok,False,False,2025-05-28,2025-06-14,,,,,,Tlaxcala,Nanacamilpa de Mariano Arista
AGC_049,True,2025-09-07,0.756,0.322,0.434,2025-08-06,2025-07-19,410.0,615.0,50,doble_ciclo,True,False,2025-07-30,2025-08-09,2025-07-02,0.611,2025-07-18,0.322,2025-05-21,Puebla,Chignahuapan
AGC_050,False,2025-08-08,0.822,0.182,0.64,2025-06-14,2025-06-02,809.0,1013.0,67,ok,False,False,2025-06-10,2025-06-27,,,,,,Tlaxcala,Calpulalpan
AGC_051,False,2025-07-04,0.76,0.211,0.55,2025-06-05,2025-05-22,420.0,634.0,43,ok,False,False,2025-05-31,2025-06-08,,,,,,Hidalgo,Almoloya
AGC_052,False,2025-07-23,0.777,0.205,0.572,2025-06-15,2025-06-02,533.0,734.0,51,ok,False,False,2025-06-11,2025-06-18,,,,,,Hidalgo,Cuautepec de Hinojosa
AGC_053,False,2025-09-26,0.671,0.176,0.495,2025-06-09,2025-05-27,1602.0,1817.0,122,ok,True,False,2025-05-25,2025-08-05,,,,,,Tlaxcala,Calpulalpan
AGC_054,False,2025-08-12,0.681,0.17,0.512,2025-06-14,2025-06-02,853.0,1053.0,71,ok,False,False,2025-06-07,2025-06-20,,,,,,Tlaxcala,Calpulalpan
AGC_055,False,2025-09-06,0.681,0.237,0.444,2025-06-08,2025-05-25,1187.0,1394.0,104,ok,False,False,2025-05-31,2025-06-13,,,,,,Puebla,Chignahuapan
AGC_056,True,2025-09-06,0.701,0.324,0.377,2025-07-31,2025-07-14,494.0,702.0,54,doble_ciclo,True,False,2025-07-28,2025-08-03,2025-07-02,0.554,2025-07-22,0.324,2025-05-19,Puebla,Chignahuapan
AGC_057,False,2025-09-06,0.641,0.212,0.429,2025-06-17,2025-06-03,1072.0,1282.0,95,ok,True,False,2025-06-12,2025-07-27,,,,,,Puebla,Chignahuapan
AGC_058,False,2025-09-01,0.782,0.171,0.611,2025-06-14,2025-06-02,1146.0,1347.0,91,ok,False,False,2025-06-06,2025-07-14,,,,,,Tlaxcala,Calpulalpan
AGC_059,False,2025-08-25,0.823,0.217,0.606,2025-06-01,2025-05-19,1191.0,1404.0,98,ok,False,False,2025-05-28,2025-06-15,,,,,,Hidalgo,Almoloya
AGC_060,False,2025-09-06,0.632,0.23,0.402,2025-06-13,2025-05-30,1131.0,1341.0,99,ok,False,False,2025-05-28,2025-06-17,,,,,,Puebla,Chignahuapan
AGC_061,False,2025-08-30,0.746,0.174,0.572,2025-06-13,2025-05-30,996.0,1201.0,92,ok,False,False,2025-06-08,2025-07-11,,,,,,Tlaxcala,Calpulalpan
AGC_062,False,2025-09-03,0.549,0.17,0.379,2025-05-29,2025-05-17,1388.0,1593.0,109,ok,False,False,2025-05-19,2025-06-10,,,,,,Puebla,Chignahuapan
AGC_063,True,2025-10-12,0.746,0.339,0.407,2025-08-09,2025-07-24,910.0,1122.0,80,doble_ciclo,True,True,2025-08-06,2025-08-20,2025-07-21,0.682,2025-08-01,0.339,2025-05-27,Puebla,Chignahuapan
AGC_064,False,2025-08-28,0.698,0.234,0.465,2025-06-14,2025-05-31,1031.0,1244.0,89,ok,False,False,2025-06-10,2025-06-18,,,,,,Hidalgo,Cuautepec de Hinojosa
AGC_065,False,2025-07-06,0.84,0.248,0.592,2025-05-29,2025-05-17,563.0,765.0,50,ok,False,False,2025-05-25,2025-06-01,,,,,,Hidalgo,Almoloya
AGC_066,False,2025-07-05,0.693,0.168,0.526,2025-06-09,2025-05-27,402.0,617.0,39,ok,False,False,2025-06-06,2025-06-11,,,,,,Tlaxcala,Calpulalpan
AGC_067,False,2025-08-29,0.823,0.225,0.598,2025-06-26,2025-06-11,841.0,1046.0,79,ok,False,False,2025-05-31,2025-07-01,,,,,,Hidalgo,Singuilucan
AGC_068,True,2025-09-05,0.814,0.336,0.477,2025-08-11,2025-07-27,383.0,591.0,40,doble_ciclo,True,True,2025-08-07,2025-08-14,2025-07-05,0.66,2025-07-23,0.336,2025-05-27,Tlaxcala,Calpulalpan
AGC_069,False,2025-09-19,0.739,0.22,0.519,2025-06-16,2025-06-02,1259.0,1471.0,109,ok,False,False,2025-06-03,2025-06-23,,,,,,Puebla,Chignahuapan
AGC_070,False,2025-08-30,0.771,0.222,0.548,2025-06-22,2025-06-08,941.0,1152.0,83,ok,False,False,2025-06-13,2025-06-30,,,,,,Hidalgo,Singuilucan
AGC_071,False,2025-09-04,0.756,0.178,0.578,2025-06-09,2025-05-27,1275.0,1490.0,100,ok,False,False,2025-05-27,2025-06-20,,,,,,Tlaxcala,Calpulalpan
AGC_072,False,2025-09-19,0.829,0.162,0.667,2025-06-14,2025-05-30,1182.0,1390.0,112,ok,False,False,2025-05-29,2025-06-20,,,,,,Puebla,Chignahuapan
AGC_073,False,2025-08-13,0.569,0.173,0.396,2025-06-08,2025-05-26,937.0,1141.0,79,ok,False,False,2025-05-20,2025-06-12,,,,,,Puebla,Chignahuapan
AGC_074,False,2025-08-29,0.886,0.178,0.708,2025-07-11,2025-06-25,635.0,836.0,65,ok,False,False,2025-07-05,2025-07-19,,,,,,Tlaxcala,Calpulalpan
AGC_075,False,2025-09-01,0.674,0.196,0.479,2025-06-11,2025-05-29,1186.0,1402.0,95,ok,False,False,2025-06-08,2025-06-13,,,,,,Tlaxcala,Calpulalpan
AGC_076,True,2025-10-10,0.771,0.395,0.375,2025-08-20,2025-08-04,694.0,901.0,67,doble_ciclo,True,False,2025-08-06,2025-08-23,2025-07-19,0.688,2025-08-01,0.395,2025-05-20,Puebla,Chignahuapan
AGC_077,False,2025-09-15,0.703,0.175,0.529,2025-06-19,2025-06-04,1094.0,1303.0,103,ok,False,False,2025-06-13,2025-06-26,,,,,,Puebla,Chignahuapan
AGC_078,False,2025-08-31,0.83,0.157,0.673,2025-07-03,2025-06-17,773.0,984.0,75,ok,False,False,2025-06-07,2025-07-12,,,,,,Hidalgo,Singuilucan
AGC_079,False,2025-08-31,0.791,0.16,0.631,2025-06-22,2025-06-08,955.0,1166.0,84,ok,False,False,2025-06-13,2025-07-01,,,,,,Hidalgo,Singuilucan
AGC_080,False,2025-08-25,0.89,0.19,0.7,2025-07-01,2025-06-15,705.0,910.0,71,ok,False,False,2025-06-17,2025-07-05,,,,,,Hidalgo,Singuilucan
AGC_081,False,2025-08-27,0.852,0.178,0.673,2025-07-02,2025-06-17,766.0,973.0,71,ok,False,False,2025-06-18,2025-07-06,,,,,,Hidalgo,Singuilucan
AGC_082,False,2025-08-08,0.715,0.207,0.508,2025-06-10,2025-05-28,816.0,1018.0,72,ok,False,False,2025-05-31,2025-06-15,,,,,,Hidalgo,Almoloya
AGC_083,False,2025-08-05,0.752,0.203,0.548,2025-07-01,2025-06-16,497.0,711.0,50,ok,False,False,2025-06-02,2025-07-04,,,,,,Hidalgo,Cuautepec de Hinojosa
AGC_084,False,2025-10-27,0.741,0.252,0.489,2025-06-14,2025-05-31,1751.0,1958.0,149,ok,False,False,2025-05-31,2025-06-18,,,,,,Hidalgo,Almoloya
AGC_085,False,2025-09-01,0.654,0.164,0.49,2025-06-08,2025-05-26,1199.0,1403.0,98,ok,False,False,2025-05-25,2025-06-13,,,,,,Puebla,Chignahuapan
AGC_086,False,2025-09-26,0.73,0.181,0.549,2025-06-07,2025-05-25,1635.0,1851.0,124,ok,False,False,2025-05-31,2025-08-04,,,,,,Tlaxcala,Calpulalpan
AGC_087,False,2025-08-12,0.707,0.172,0.535,2025-06-16,2025-06-03,822.0,1037.0,70,ok,False,False,2025-06-10,2025-06-22,,,,,,Tlaxcala,Calpulalpan
AGC_088,False,2025-08-26,0.79,0.153,0.637,2025-06-15,2025-05-31,864.0,1071.0,87,ok,False,False,2025-05-29,2025-06-24,,,,,,Puebla,Chignahuapan
AGC_089,False,2025-08-12,0.819,0.162,0.657,2025-06-22,2025-06-08,668.0,870.0,65,ok,False,False,2025-06-12,2025-06-29,,,,,,Hidalgo,Singuilucan
AGC_090,False,2025-09-06,0.75,0.204,0.545,2025-05-30,2025-05-17,1341.0,1552.0,112,ok,False,False,2025-05-24,2025-06-10,,,,,,Puebla,Chignahuapan
AGC_091,True,2025-09-19,0.785,0.351,0.434,2025-08-03,2025-07-17,638.0,849.0,64,doble_ciclo,True,True,2025-07-31,2025-08-06,2025-07-01,0.697,2025-07-23,0.351,2025-05-25,Puebla,Chignahuapan
AGC_092,True,2025-10-09,0.756,0.281,0.475,2025-08-22,2025-08-06,655.0,862.0,64,doble_ciclo,True,False,2025-08-05,2025-08-24,2025-06-28,0.497,2025-07-24,0.281,2025-05-26,Puebla,Chignahuapan
AGC_093,False,2025-08-31,0.686,0.196,0.49,2025-06-11,2025-05-29,1168.0,1383.0,94,ok,False,False,2025-06-08,2025-06-13,,,,,,Tlaxcala,Calpulalpan
AGC_094,True,2025-10-08,0.757,0.276,0.481,2025-08-20,2025-08-04,653.0,858.0,65,doble_ciclo,True,False,2025-08-10,2025-08-23,2025-07-03,0.509,2025-08-05,0.276,2025-05-14,Puebla,Chignahuapan
AGC_095,False,2025-09-06,0.667,0.197,0.47,2025-06-24,2025-06-09,980.0,1192.0,89,ok,False,False,2025-06-08,2025-06-30,,,,,,Puebla,Chignahuapan
AGC_096,False,2025-09-06,0.634,0.188,0.446,2025-06-11,2025-05-29,1217.0,1422.0,100,ok,False,False,2025-05-31,2025-06-19,,,,,,Puebla,Chignahuapan
AGC_097,True,2025-09-17,0.714,0.284,0.43,2025-08-21,2025-08-05,369.0,573.0,43,doble_ciclo,True,False,2025-08-17,2025-08-23,2025-07-18,0.573,2025-07-30,0.284,2025-05-29,Puebla,Chignahuapan
AGC_098,True,2025-09-25,0.778,0.358,0.42,2025-08-16,2025-08-01,586.0,793.0,55,doble_ciclo,True,False,2025-08-09,2025-08-21,2025-07-17,0.579,2025-07-30,0.358,2025-05-29,Tlaxcala,Calpulalpan
AGC_099,False,2025-09-28,0.737,0.188,0.549,2025-06-10,2025-05-28,1614.0,1830.0,123,ok,False,False,2025-06-04,2025-06-14,,,,,,Tlaxcala,Calpulalpan
AGC_100,False,2025-09-07,0.804,0.206,0.599,2025-06-03,2025-05-20,1297.0,1514.0,110,ok,False,False,2025-05-25,2025-06-08,,,,,,Puebla,Chignahuapan
AGC_101,False,2025-09-06,0.654,0.196,0.457,2025-06-18,2025-06-05,1111.0,1313.0,93,ok,False,False,2025-06-03,2025-06-29,,,,,,Puebla,Chignahuapan
AGC_102,False,2025-08-28,0.705,0.203,0.503,2025-06-25,2025-06-10,846.0,1053.0,79,ok,False,False,2025-06-06,2025-06-30,,,,,,Puebla,Chignahuapan
AGC_103,False,2025-08-05,0.823,0.17,0.654,2025-06-16,2025-06-04,744.0,946.0,62,ok,False,False,2025-06-10,2025-06-25,,,,,,Tlaxcala,Calpulalpan
AGC_104,False,2025-09-01,0.717,0.179,0.538,2025-06-05,2025-05-23,1245.0,1452.0,101,ok,False,False,2025-05-29,2025-06-12,,,,,,Puebla,Chignahuapan
AGC_105,False,2025-09-06,0.738,0.193,0.544,2025-05-30,2025-05-18,1411.0,1613.0,111,ok,False,False,2025-05-24,2025-06-03,,,,,,Puebla,Chignahuapan
AGC_106,False,2025-09-06,0.679,0.17,0.509,2025-06-07,2025-05-25,1293.0,1498.0,104,ok,False,False,2025-05-27,2025-06-13,,,,,,Puebla,Chignahuapan
AGC_107,False,2025-08-08,0.775,0.24,0.535,2025-06-03,2025-05-21,929.0,1136.0,79,ok,False,False,2025-06-01,2025-06-06,,,,,,Hidalgo,Almoloya
AGC_108,False,2025-09-08,0.646,0.215,0.432,2025-06-14,2025-05-30,1058.0,1267.0,101,ok,False,False,2025-05-27,2025-06-19,,,,,,Puebla,Chignahuapan
AGC_109,False,2025-09-19,0.605,0.181,0.424,2025-06-09,2025-05-26,1366.0,1577.0,116,ok,False,False,2025-05-24,2025-06-13,,,,,,Puebla,Chignahuapan
AGC_110,False,2025-09-06,0.682,0.183,0.499,2025-06-01,2025-05-19,1379.0,1595.0,110,ok,False,False,2025-05-23,2025-06-12,,,,,,Puebla,Chignahuapan
AGC_111,False,2025-09-19,0.717,0.182,0.535,2025-06-24,2025-06-08,1061.0,1273.0,103,ok,False,False,2025-06-13,2025-07-25,,,,,,Puebla,Chignahuapan
AGC_112,False,2025-09-04,0.79,0.193,0.598,2025-06-11,2025-05-30,1239.0,1440.0,97,ok,False,False,2025-06-08,2025-06-14,,,,,,Tlaxcala,Calpulalpan
AGC_113,False,2025-08-13,0.753,0.159,0.594,2025-07-03,2025-06-18,557.0,764.0,56,ok,False,False,2025-06-18,2025-07-08,,,,,,Hidalgo,Singuilucan
AGC_114,False,2025-08-31,0.769,0.165,0.604,2025-06-17,2025-06-04,1043.0,1245.0,88,ok,False,False,2025-06-11,2025-07-04,,,,,,Tlaxcala,Calpulalpan
AGC_115,False,2025-08-14,0.637,0.168,0.469,2025-06-05,2025-05-23,997.0,1204.0,83,ok,False,False,2025-05-21,2025-06-11,,,,,,Puebla,Chignahuapan
AGC_116,False,2025-09-06,0.802,0.203,0.599,2025-06-01,2025-05-19,1384.0,1600.0,110,ok,False,False,2025-05-24,2025-06-13,,,,,,Puebla,Chignahuapan
AGC_117,True,2025-09-26,0.694,0.358,0.336,2025-08-10,2025-07-26,710.0,917.0,62,doble_ciclo,True,False,2025-08-05,2025-08-18,2025-06-26,0.609,2025-07-30,0.358,2025-05-24,Tlaxcala,Calpulalpan
AGC_118,False,2025-08-29,0.769,0.182,0.587,2025-06-23,2025-06-08,878.0,1094.0,82,ok,False,False,2025-06-16,2025-07-24,,,,,,Hidalgo,Singuilucan
AGC_119,False,2025-08-30,0.749,0.247,0.502,2025-06-16,2025-06-03,1027.0,1227.0,88,ok,False,False,2025-06-12,2025-06-21,,,,,,Hidalgo,Cuautepec de Hinojosa
AGC_120,False,2025-08-30,0.895,0.257,0.638,2025-06-14,2025-06-01,1087.0,1297.0,90,ok,False,False,2025-06-09,2025-07-02,,,,,,Tlaxcala,Nanacamilpa de Mariano Arista
AGC_121,False,2025-09-01,0.847,0.163,0.684,2025-07-05,2025-06-19,759.0,972.0,74,ok,False,False,2025-06-16,2025-07-24,,,,,,Hidalgo,Singuilucan
AGC_122,False,2025-08-27,0.782,0.177,0.604,2025-06-13,2025-05-31,1041.0,1249.0,88,ok,False,False,2025-06-09,2025-06-17,,,,,,Tlaxcala,Calpulalpan
AGC_123,False,2025-08-26,0.692,0.164,0.527,2025-06-14,2025-06-01,1013.0,1220.0,86,ok,False,False,2025-06-10,2025-06-20,,,,,,Tlaxcala,Calpulalpan
AGC_124,True,2025-09-18,0.753,0.286,0.467,2025-08-13,2025-07-28,495.0,698.0,52,doble_ciclo,True,False,2025-08-07,2025-08-20,2025-07-20,0.502,2025-07-30,0.286,2025-05-27,Puebla,Chignahuapan
AGC_125,False,2025-08-14,0.79,0.19,0.599,2025-06-01,2025-05-19,1059.0,1275.0,87,ok,False,False,2025-05-26,2025-06-07,,,,,,Puebla,Chignahuapan
AGC_126,True,2025-09-20,0.764,0.258,0.506,2025-07-27,2025-07-09,673.0,884.0,73,doble_ciclo,True,False,2025-07-18,2025-07-31,2025-06-30,0.52,2025-07-10,0.258,2025-05-25,Puebla,Chignahuapan
AGC_127,False,2025-09-06,0.68,0.296,0.383,2025-06-15,2025-06-01,1100.0,1311.0,97,ok,False,False,2025-05-28,2025-06-24,,,,,,Puebla,Chignahuapan
AGC_128,False,2025-08-07,0.755,0.214,0.541,2025-06-03,2025-05-21,915.0,1122.0,78,ok,False,False,2025-05-30,2025-06-13,,,,,,Hidalgo,Almoloya
AGC_129,False,2025-08-26,0.841,0.212,0.629,2025-06-19,2025-06-05,925.0,1138.0,82,ok,False,False,2025-06-14,2025-06-24,,,,,,Hidalgo,Singuilucan
AGC_130,False,2025-07-23,0.707,0.183,0.524,2025-06-13,2025-05-30,564.0,778.0,54,ok,False,False,2025-06-10,2025-06-16,,,,,,Hidalgo,Cuautepec de Hinojosa
AGC_131,False,2025-09-06,0.791,0.23,0.56,2025-06-27,2025-06-12,989.0,1202.0,86,ok,False,False,2025-06-08,2025-07-04,,,,,,Puebla,Chignahuapan
AGC_132,False,2025-09-07,0.783,0.184,0.599,2025-06-13,2025-05-29,1058.0,1269.0,101,ok,False,False,2025-05-30,2025-06-19,,,,,,Puebla,Chignahuapan
AGC_133,False,2025-08-24,0.809,0.188,0.622,2025-06-11,2025-05-28,927.0,1128.0,88,ok,False,False,2025-05-29,2025-06-18,,,,,,Puebla,Chignahuapan
AGC_134,False,2025-07-05,0.796,0.23,0.566,2025-06-04,2025-05-21,446.0,660.0,45,ok,False,False,2025-05-26,2025-06-07,,,,,,Hidalgo,Almoloya
AGC_135,True,2025-09-19,0.732,0.296,0.436,2025-07-30,2025-07-12,634.0,842.0,69,doble_ciclo,True,False,2025-07-26,2025-08-02,2025-06-30,0.538,2025-07-11,0.296,2025-05-27,Puebla,Chignahuapan
AGC_136,False,2025-09-01,0.724,0.185,0.54,2025-05-29,2025-05-17,1354.0,1558.0,107,ok,False,False,2025-05-24,2025-06-03,,,,,,Puebla,Chignahuapan
AGC_137,False,2025-08-28,0.794,0.251,0.543,2025-05-28,2025-05-15,1231.0,1444.0,105,ok,False,False,2025-05-24,2025-06-01,,,,,,Hidalgo,Almoloya
AGC_138,False,2025-09-04,0.77,0.178,0.592,2025-06-13,2025-06-01,1206.0,1408.0,95,ok,False,False,2025-06-06,2025-07-01,,,,,,Tlaxcala,Calpulalpan
AGC_139,False,2025-08-31,0.688,0.168,0.519,2025-05-31,2025-05-19,1312.0,1512.0,104,ok,False,False,2025-05-22,2025-06-09,,,,,,Puebla,Chignahuapan
AGC_140,False,2025-08-30,0.876,0.142,0.734,2025-06-19,2025-06-05,945.0,1150.0,86,ok,False,False,2025-06-12,2025-06-25,,,,,,Hidalgo,Singuilucan
AGC_141,False,2025-09-16,0.77,0.18,0.59,2025-07-31,2025-07-16,691.0,896.0,62,ok,True,False,2025-06-10,2025-08-06,,,,,,Tlaxcala,Calpulalpan
AGC_142,False,2025-09-06,0.555,0.187,0.368,2025-06-01,2025-05-19,1311.0,1517.0,110,ok,False,False,2025-05-29,2025-06-13,,,,,,Puebla,Chignahuapan
AGC_143,False,2025-09-07,0.733,0.207,0.526,2025-05-28,2025-05-16,1459.0,1664.0,114,ok,False,False,2025-05-22,2025-05-31,,,,,,Puebla,Chignahuapan
AGC_144,False,2025-08-13,0.732,0.156,0.576,2025-06-14,2025-06-01,867.0,1083.0,73,ok,False,False,2025-06-09,2025-06-20,,,,,,Tlaxcala,Calpulalpan
AGC_145,False,2025-07-28,0.785,0.16,0.625,2025-06-14,2025-06-01,609.0,816.0,57,ok,False,False,2025-06-09,2025-06-20,,,,,,Tlaxcala,Calpulalpan
AGC_146,False,2025-08-08,0.751,0.234,0.517,2025-06-01,2025-05-19,962.0,1176.0,81,ok,False,False,2025-05-29,2025-06-14,,,,,,Hidalgo,Almoloya
AGC_147,False,2025-08-12,0.79,0.179,0.611,2025-06-14,2025-06-01,813.0,1021.0,72,ok,False,False,2025-06-08,2025-06-20,,,,,,Tlaxcala,Calpulalpan
AGC_148,False,2025-08-29,0.861,0.155,0.706,2025-07-09,2025-06-23,667.0,878.0,67,ok,False,False,2025-06-19,2025-07-24,,,,,,Hidalgo,Singuilucan
AGC_149,False,2025-08-29,0.731,0.193,0.538,2025-06-14,2025-05-31,1044.0,1258.0,90,ok,False,False,2025-06-11,2025-06-18,,,,,,Hidalgo,Cuautepec de Hinojosa
AGC_150,False,2025-08-24,0.732,0.196,0.536,2025-06-09,2025-05-27,1069.0,1274.0,89,ok,False,False,2025-05-30,2025-06-13,,,,,,Puebla,Chignahuapan
AGC_151,False,2025-07-08,0.832,0.283,0.55,2025-05-29,2025-05-16,567.0,777.0,53,ok,False,False,2025-05-22,2025-06-02,,,,,,Hidalgo,Almoloya
AGC_152,False,2025-07-07,0.788,0.28,0.508,2025-06-01,2025-05-19,510.0,714.0,49,ok,False,False,2025-05-28,2025-06-11,,,,,,Hidalgo,Almoloya
AGC_153,False,2025-09-06,0.629,0.174,0.456,2025-06-09,2025-05-27,1260.0,1464.0,102,ok,False,False,2025-05-30,2025-06-13,,,,,,Puebla,Chignahuapan
AGC_154,False,2025-08-13,0.834,0.227,0.607,2025-06-13,2025-05-30,809.0,1019.0,75,ok,False,False,2025-05-30,2025-06-26,,,,,,Puebla,Chignahuapan
AGC_155,False,2025-09-06,0.817,0.229,0.588,2025-07-28,2025-07-12,538.0,742.0,56,ok,False,False,2025-06-25,2025-08-04,,,,,,Puebla,Chignahuapan
AGC_156,False,2025-08-27,0.854,0.178,0.676,2025-06-21,2025-06-07,865.0,1066.0,81,ok,False,False,2025-06-12,2025-07-20,,,,,,Hidalgo,Singuilucan
AGC_157,True,2025-09-17,0.787,0.28,0.508,2025-08-11,2025-07-27,554.0,760.0,52,doble_ciclo,True,False,2025-08-04,2025-08-16,2025-07-16,0.538,2025-07-27,0.28,2025-05-19,Tlaxcala,Calpulalpan
AGC_158,False,2025-09-06,0.704,0.192,0.512,2025-06-26,2025-06-11,955.0,1160.0,87,ok,False,False,2025-06-03,2025-07-01,,,,,,Puebla,Chignahuapan
AGC_159,True,2025-10-26,0.786,0.388,0.398,2025-08-23,2025-08-07,849.0,1059.0,80,doble_ciclo,True,False,2025-08-20,2025-08-26,2025-07-03,0.67,2025-08-02,0.388,2025-05-19,Puebla,Chignahuapan
AGC_160,True,2025-10-10,0.788,0.246,0.543,2025-08-12,2025-07-26,798.0,1010.0,76,doble_ciclo,True,True,2025-08-08,2025-08-20,2025-07-19,0.548,2025-07-30,0.246,2025-05-14,Puebla,Chignahuapan
AGC_161,True,2025-09-21,0.794,0.367,0.427,2025-08-10,2025-07-24,575.0,787.0,59,doble_ciclo,True,False,2025-08-07,2025-08-13,2025-07-04,0.606,2025-07-29,0.367,2025-05-14,Puebla,Chignahuapan
AGC_162,False,2025-09-07,0.617,0.17,0.447,2025-07-22,2025-07-05,591.0,796.0,64,ok,False,False,2025-06-18,2025-08-01,,,,,,Puebla,Chignahuapan
AGC_163,False,2025-09-17,0.756,0.139,0.618,2025-06-02,2025-05-21,1567.0,1773.0,119,ok,False,False,2025-05-23,2025-07-01,,,,,,Tlaxcala,Calpulalpan
AGC_164,False,2025-09-04,0.745,0.166,0.579,2025-06-14,2025-06-02,1191.0,1392.0,94,ok,False,False,2025-06-04,2025-06-21,,,,,,Hidalgo,Apan
AGC_165,False,2025-08-25,0.769,0.163,0.606,2025-06-27,2025-06-10,708.0,921.0,76,ok,False,False,2025-06-13,2025-07-02,,,,,,Puebla,Chignahuapan
AGC_166,False,2025-07-25,0.741,0.192,0.548,2025-06-12,2025-05-30,606.0,807.0,56,ok,False,False,2025-06-06,2025-06-15,,,,,,Hidalgo,Singuilucan
AGC_167,True,2025-09-18,0.769,0.335,0.434,2025-08-02,2025-07-16,637.0,849.0,64,doble_ciclo,True,True,2025-07-29,2025-08-06,2025-06-30,0.72,2025-07-20,0.335,2025-05-18,Puebla,Chignahuapan
AGC_168,False,2025-07-19,0.786,0.205,0.581,2025-06-10,2025-05-27,538.0,750.0,53,ok,False,False,2025-06-04,2025-06-14,,,,,,Puebla,Chignahuapan
AGC_169,True,2025-09-04,0.82,0.315,0.505,2025-08-07,2025-07-23,425.0,633.0,43,doble_ciclo,True,False,2025-08-01,2025-08-09,2025-06-30,0.536,2025-07-23,0.315,2025-05-26,Tlaxcala,Calpulalpan
AGC_170,False,2025-09-04,0.705,0.189,0.516,2025-06-12,2025-05-31,1222.0,1425.0,96,ok,False,False,2025-06-08,2025-08-06,,,,,,Tlaxcala,Calpulalpan
AGC_171,False,2025-09-06,0.677,0.191,0.486,2025-06-18,2025-06-04,1059.0,1267.0,94,ok,False,False,2025-05-30,2025-06-30,,,,,,Puebla,Chignahuapan
AGC_172,True,2025-09-07,0.743,0.302,0.441,2025-07-28,2025-07-10,508.0,718.0,59,doble_ciclo,True,False,2025-07-21,2025-08-01,2025-06-29,0.519,2025-07-10,0.302,2025-05-27,Puebla,Chignahuapan
AGC_173,False,2025-08-30,0.784,0.229,0.555,2025-05-29,2025-05-18,1443.0,1648.0,104,ok,False,False,2025-05-25,2025-06-03,,,,,,Tlaxcala,Calpulalpan
AGC_174,False,2025-07-04,0.701,0.2,0.501,2025-06-08,2025-05-25,391.0,607.0,40,ok,False,False,2025-05-31,2025-06-12,,,,,,Hidalgo,Cuautepec de Hinojosa
AGC_175,True,2025-10-14,0.783,0.245,0.538,2025-08-24,2025-08-08,688.0,898.0,67,doble_ciclo,True,True,2025-08-20,2025-08-30,2025-07-04,0.734,2025-07-30,0.245,2025-05-19,Puebla,Chignahuapan
AGC_176,False,2025-09-02,0.685,0.187,0.497,2025-06-17,2025-06-03,1017.0,1227.0,91,ok,False,False,2025-06-13,2025-06-21,,,,,,Puebla,Chignahuapan
AGC_177,False,2025-09-01,0.754,0.178,0.577,2025-06-10,2025-05-28,1165.0,1371.0,96,ok,False,False,2025-05-25,2025-06-14,,,,,,Puebla,Chignahuapan
AGC_178,False,2025-09-07,0.672,0.194,0.478,2025-06-21,2025-06-07,1034.0,1238.0,92,ok,False,False,2025-05-28,2025-07-04,,,,,,Puebla,Chignahuapan
AGC_179,True,2025-09-19,0.766,0.241,0.524,2025-08-13,2025-07-28,509.0,712.0,53,doble_ciclo,True,True,2025-08-08,2025-08-20,2025-07-19,0.601,2025-07-30,0.241,2025-05-27,Puebla,Chignahuapan
AGC_180,False,2025-07-21,0.792,0.209,0.583,2025-06-04,2025-05-21,648.0,861.0,61,ok,False,False,2025-05-31,2025-06-07,,,,,,Hidalgo,Almoloya
AGC_181,True,2025-09-06,0.776,0.337,0.439,2025-07-31,2025-07-14,503.0,716.0,54,doble_ciclo,True,False,2025-07-28,2025-08-02,2025-07-03,0.595,2025-07-23,0.337,2025-05-28,Puebla,Chignahuapan
AGC_182,False,2025-09-02,0.639,0.197,0.441,2025-06-14,2025-05-31,1061.0,1270.0,94,ok,False,False,2025-05-28,2025-06-18,,,,,,Puebla,Chignahuapan
AGC_183,False,2025-09-04,0.69,0.199,0.491,2025-06-12,2025-05-31,1231.0,1434.0,96,ok,False,False,2025-06-07,2025-06-30,,,,,,Tlaxcala,Calpulalpan
AGC_184,False,2025-08-28,0.726,0.21,0.516,2025-06-04,2025-05-22,1193.0,1399.0,98,ok,False,False,2025-06-01,2025-06-15,,,,,,Hidalgo,Almoloya
AGC_185,False,2025-07-04,0.667,0.197,0.471,2025-06-08,2025-05-25,378.0,589.0,40,ok,False,False,2025-05-30,2025-06-12,,,,,,Puebla,Chignahuapan
AGC_186,False,2025-07-21,0.73,0.199,0.531,2025-05-29,2025-05-17,784.0,988.0,65,ok,False,False,2025-05-19,2025-06-05,,,,,,Puebla,Chignahuapan
AGC_187,False,2025-08-09,0.769,0.193,0.576,2025-06-15,2025-06-03,826.0,1032.0,67,ok,False,False,2025-06-03,2025-06-27,,,,,,Tlaxcala,Calpulalpan
AGC_188,False,2025-09-18,0.652,0.192,0.46,2025-05-31,2025-05-18,1486.0,1695.0,123,ok,False,False,2025-05-25,2025-06-13,,,,,,Puebla,Chignahuapan
AGC_189,False,2025-09-01,0.695,0.195,0.5,2025-06-04,2025-05-22,1256.0,1463.0,102,ok,False,False,2025-05-31,2025-06-07,,,,,,Puebla,Chignahuapan
AGC_190,False,2025-09-06,0.741,0.15,0.591,2025-06-28,2025-06-11,855.0,1068.0,87,ok,False,False,2025-06-15,2025-07-03,,,,,,Puebla,Chignahuapan
AGC_191,False,2025-09-15,0.696,0.239,0.458,2025-06-13,2025-05-30,1250.0,1460.0,108,ok,False,False,2025-05-31,2025-06-18,,,,,,Puebla,Chignahuapan
AGC_192,True,2025-09-04,0.721,0.381,0.34,2025-08-03,2025-07-17,436.0,647.0,49,doble_ciclo,True,True,2025-07-30,2025-08-07,2025-07-03,0.713,2025-07-25,0.381,2025-05-17,Puebla,Chignahuapan
AGC_193,False,2025-09-07,0.733,0.189,0.544,2025-06-27,2025-06-12,957.0,1160.0,87,ok,False,False,2025-05-29,2025-07-11,,,,,,Puebla,Chignahuapan
AGC_194,False,2025-07-06,0.702,0.204,0.498,2025-06-08,2025-05-25,418.0,634.0,42,ok,False,False,2025-06-01,2025-06-11,,,,,,Hidalgo,Singuilucan
AGC_195,False,2025-09-06,0.719,0.174,0.545,2025-06-10,2025-05-28,1242.0,1448.0,101,ok,False,False,2025-06-01,2025-06-14,,,,,,Puebla,Chignahuapan
AGC_196,False,2025-08-04,0.845,0.196,0.649,2025-06-16,2025-06-04,723.0,924.0,61,ok,False,False,2025-06-07,2025-06-30,,,,,,Hidalgo,Emiliano Zapata
AGC_197,False,2025-09-06,0.651,0.188,0.463,2025-06-20,2025-06-06,1084.0,1298.0,92,ok,False,False,2025-05-31,2025-06-30,,,,,,Puebla,Chignahuapan
