ID_POLIGON,FC_mm,PWP_mm,AWC_mm,AWC_mm_sin_grava,arcilla_pct,arena_pct,limo_pct,bdod_g_cm3,cfvo_pct,om_pct,FC_vol,PWP_vol,sat_vol,om_capas_topadas,n_capas
AGC_001,154.25518328307075,92.18620853171208,62.06897475135865,75.45935108373695,29.152083333333334,44.02916666666667,26.791666666666668,1.2685416666666667,17.8,2.3284775,0.3130918648702991,0.18732627973073748,0.4529253966114258,0,4
AGC_002,173.2759259715875,106.09289746537942,67.18302850620807,79.67466322998018,32.354166666666664,39.733333333333334,27.958333333333332,1.2225,15.704166666666667,3.5406649999999997,0.3426152936495503,0.20982418826625002,0.4799379702137736,0,4
AGC_003,154.21213625397377,92.94514333258425,61.2669929213895,77.14502997750157,30.247222222222227,42.81111111111111,26.937962962962963,1.1977777777777776,20.697222222222223,2.731582222222222,0.324226218666436,0.19565116870393334,0.4635088194387594,0,4
AGC_004,153.84341707769903,90.80674943766823,63.0366676400308,73.2437260300456,27.610714285714288,45.80714285714286,26.591666666666665,1.2833333333333334,13.957142857142856,1.8426276190476192,0.29812848524936714,0.1760556085326245,0.43990204102436176,0,4
AGC_005,168.00135365064008,103.5653653364871,64.43598831415297,78.28464041381785,32.7125,40.25833333333333,27.020833333333332,1.2354166666666666,17.75,3.1750333333333334,0.3405474788374964,0.21007307814780002,0.47198742647583647,0,4
AGC_006,131.5907920807116,71.30660200584609,60.28419007486552,75.52401275690458,21.835416666666667,48.08958333333333,30.047916666666666,1.2122916666666668,20.310416666666665,2.7235608333333334,0.27468715205657845,0.1488137974617375,0.45535071721952836,0,4
AGC_007,147.09639163609933,84.38785244848555,62.70853918761377,77.04669813938013,25.975,45.45555555555556,28.561111111111114,1.21,18.69722222222222,2.8647666666666667,0.30151150541061134,0.17310034184497777,0.46276235525291953,1,4
AGC_008,162.6357174483631,98.90251243742395,63.73320501093916,77.84469819582486,31.4125,41.03125,27.579166666666666,1.2404166666666667,18.153125,2.8004225000000003,0.33135042254508934,0.20160925888538123,0.46542124459011175,0,4
AGC_009,148.9147293068072,86.44903762165792,62.465691685149295,75.98507100765897,27.166666666666668,44.266666666666666,28.491666666666667,1.2716666666666667,17.883333333333333,2.221086666666667,0.3023670919715649,0.1757253069588,0.4501148464552449,0,4
AGC_010,169.07919748899235,102.62462594973667,66.45457153925568,79.61167760403937,32.21111111111111,38.263888888888886,29.54444444444444,1.2640277777777778,16.55138888888889,2.7054827777777777,0.3377806526174601,0.20509452327739444,0.46771605673836786,0,4
AGC_011,151.38633637535656,87.7836195270052,63.60271684835135,77.7819757160953,27.291666666666668,43.510416666666664,29.216666666666665,1.2752083333333335,18.283333333333335,2.7792316666666665,0.30880512268981714,0.17916849649632502,0.46148070719142387,0,4
AGC_012,130.88119025674425,70.81910385465639,60.06208640208786,77.81861387585967,21.972916666666666,47.34375,30.702083333333334,1.1947916666666667,22.98125,3.2461483333333336,0.2825748854344995,0.1528771956414,0.46850640766066115,0,4
AGC_013,128.1707014890384,69.34283312535794,58.82786836368048,76.38667806775172,21.755555555555553,48.0,30.258333333333333,1.195,23.147222222222222,2.974378888888889,0.2772880477744529,0.14997691766153334,0.46139083742853143,0,4
AGC_014,171.1519976984173,103.23084676718597,67.92115093123131,80.40103801898135,32.0625,37.354166666666664,30.610416666666666,1.2745833333333334,15.55,2.6413116666666663,0.3378539930809106,0.203852263049275,0.46786273276508894,0,4
AGC_015,161.7861571261973,99.32649720748648,62.45965991871083,77.59021988359933,31.96111111111111,41.61388888888889,26.43611111111111,1.2330555555555553,19.56111111111111,3.1223555555555556,0.3354758361236433,0.20615880298431108,0.46990423456434255,0,4
AGC_016,174.11982557288525,107.05918331281123,67.06064226007402,79.25127405964693,32.602777777777774,39.95972222222222,27.4375,1.222638888888889,15.40972222222222,3.4918183333333332,0.3431076492149449,0.21102219244886666,0.47877028268354155,0,4
AGC_017,156.88214870407376,94.76688521135449,62.11526349271925,76.58655379109729,30.475,42.36388888888889,27.155555555555555,1.2472222222222222,18.94722222222222,2.5060255555555555,0.3227493609323621,0.19510510461386665,0.45739197851986724,0,4
AGC_018,147.76438119016981,85.09772926211019,62.666651928059636,77.29218475808841,27.0,43.24791666666667,29.735416666666666,1.2104166666666667,18.98125,2.3500275,0.30418015130895987,0.1753598433788125,0.4536634504349965,0,4
AGC_019,151.56119430860699,88.40723174098162,63.153962567625385,75.57659949792473,27.465,44.123333333333335,28.418333333333326,1.282,16.466666666666665,2.1038546666666664,0.3025775940469039,0.176616594883696,0.4473623184051567,0,4
AGC_020,170.46352639021154,105.30232005255635,65.16120633765519,74.67164858576413,32.11944444444445,42.426388888888894,25.440277777777776,1.31125,12.743055555555555,1.837736111111111,0.3257386158347124,0.20128586819177224,0.44729199926571284,0,4
AGC_021,144.56046769483476,84.10591881599342,60.45454887884135,76.895429069259,27.375,43.865,28.76,1.2635,21.448333333333334,2.579678666666667,0.30666555991815697,0.178506511469392,0.4565300357910188,0,4
AGC_022,164.1663752294258,100.20924275741484,63.95713247201093,77.60897460728356,31.877380952380953,40.55595238095238,27.58571428571429,1.2502380952380951,17.623809523809523,2.575532857142857,0.332392596301927,0.20304430528978776,0.4621414530347507,0,4
AGC_023,169.77296328768858,102.33675557021029,67.43620771747828,77.38684402765395,31.186666666666667,39.98833333333334,28.81833333333333,1.3318333333333332,12.89,1.8900786666666667,0.3251279334211353,0.196149860041712,0.4511974338289773,0,4
AGC_024,164.3335283429704,100.18810231926534,64.14542602370508,77.23311248471333,31.55,41.141666666666666,27.298958333333335,1.2529166666666667,16.958333333333332,2.5599604166666667,0.329946800070092,0.20122494592890314,0.46082218112919954,0,4
AGC_025,165.81709542947505,100.15826608674232,65.65882934273273,75.35295794529632,30.4,42.48055555555556,27.136111111111113,1.3077777777777777,12.875,1.8600044444444446,0.3172983259587827,0.1917100627166222,0.44608775240171306,0,4
AGC_026,169.4261923406737,103.19520668662209,66.23098565405161,78.34410806907718,31.858333333333334,40.10625,28.0125,1.2464583333333332,15.5,2.7587591666666667,0.33427260915626195,0.2036990957078,0.4657676602473094,0,4
AGC_027,152.42548740916016,92.12841784324775,60.297069565912395,73.13432711360053,29.313888888888886,45.643055555555556,25.027777777777775,1.2815277777777778,17.580555555555556,1.9969666666666668,0.30851732135503973,0.18662677616570555,0.4444238260175279,0,4
AGC_028,150.9183579519284,89.14172313753545,61.776634814392956,77.65784388759221,28.904166666666665,42.49166666666667,28.595833333333335,1.26625,20.533333333333335,2.6291,0.31667559367935366,0.1872458538667,0.460290934255687,0,4
AGC_029,154.12801700585283,92.43752220468706,61.69049480116574,75.16406475422906,29.375,44.04375,26.552083333333332,1.2672916666666667,17.964583333333334,2.243714166666667,0.31341932717574844,0.18814588591870002,0.45132547712715754,0,4
AGC_030,151.6585147431802,89.06634500211456,62.592169741065646,76.80826975338805,27.875,44.281481481481485,27.82962962962963,1.2239814814814816,18.574074074074076,2.698858148148148,0.31053244132281216,0.18251865840049877,0.4606160402419984,0,4
AGC_031,169.3520805008111,103.77351805257422,65.57856244823685,78.67462937664445,32.531666666666666,39.36333333333334,28.1,1.242,16.66,2.8423013333333333,0.3387681120252074,0.2076437297308,0.46861571579287786,0,4
AGC_032,153.49336375734686,90.92569600752168,62.567667749825176,77.3061374831099,29.104166666666668,42.49375,28.4,1.2585416666666667,19.154166666666665,2.5335616666666665,0.31664659691647484,0.18780303444462498,0.4581515527434749,0,4
AGC_033,132.3366050614834,73.80490145134478,58.53170361013861,76.70085021264214,23.83125,46.760416666666664,29.414583333333333,1.2416666666666667,23.845138888888886,2.947561111111111,0.2891293719049758,0.1612946215505722,0.46155280878382277,0,4
AGC_034,153.39821646555328,90.04817902994874,63.350037435604506,77.43801517502092,28.386666666666667,42.818333333333335,28.796666666666667,1.2495,18.28,2.4917546666666666,0.3129208492895149,0.18385749066448,0.457710053187709,0,4
AGC_035,181.83417933270294,113.78654147665534,68.04763785604757,77.8341667949042,34.64333333333333,38.19833333333333,27.145,1.3355000000000001,12.601666666666667,2.381706,0.3469771989187644,0.21725358759392402,0.4639892078139788,0,4
AGC_036,173.05915075629963,106.00713828201523,67.05201247428437,79.44314149767528,32.49027777777778,39.44166666666667,28.059722222222227,1.2398611111111113,15.630555555555553,3.320855,0.34190312222715324,0.20949788639769445,0.4764248167893655,0,4
AGC_037,152.142467041107,90.96342715654819,61.17903988455883,73.39982465669584,28.525,45.663888888888884,25.802777777777777,1.2797222222222222,16.67222222222222,1.9979244444444446,0.30449086635955974,0.18215782526506666,0.4439163378120561,0,4
AGC_038,150.62820627104304,87.92506781044654,62.703138460596506,77.26815206663265,27.866666666666667,43.260416666666664,28.889583333333334,1.2433333333333334,18.945833333333333,2.5112933333333336,0.3098643753986877,0.18108412195430001,0.45738965407954946,0,4
AGC_039,155.15178175930427,92.35440334114557,62.797378418158694,75.3378622081074,28.777083333333334,44.16875,27.041666666666668,1.2677083333333334,16.6625,2.329195833333334,0.31061810388057903,0.18505500020040003,0.45184901528656735,0,4
AGC_040,166.45138395075242,100.63618416247093,65.81519978828148,75.90362817452068,30.76,41.69833333333333,27.538333333333334,1.3135000000000001,13.306666666666667,1.8507139999999997,0.3201446699551105,0.193638622997576,0.4473713530363788,0,4
AGC_041,151.21902819664047,89.51290564435381,61.706122552286644,76.06979021088225,28.58181818181818,43.814393939393945,27.6030303030303,1.2484848484848483,18.958333333333332,2.3890460606060606,0.31127114696290126,0.18448816327809753,0.45434655950186936,0,4
AGC_042,156.11732912393956,93.58487481846278,62.53245430547676,76.08192709910588,29.636111111111106,43.28055555555555,27.097222222222225,1.2622222222222221,17.869444444444447,2.418388888888889,0.31714000931575426,0.1903367974839111,0.45558351941137953,0,4
AGC_043,172.00438188681449,104.3142691806388,67.69011270617571,80.02483744763538,32.40694444444445,37.52777777777777,30.088888888888892,1.2729166666666667,15.443055555555553,2.636762222222222,0.33913657946084785,0.20576185038145559,0.4677103323842049,0,4
AGC_044,172.85659411610231,107.95026791741769,64.90632619868464,74.37592815617238,33.0,42.391666666666666,24.604166666666668,1.3133333333333332,12.7375,1.8698216666666667,0.3302884609468373,0.20632858068655002,0.4482077557201406,0,4
AGC_045,149.92466680276254,86.40182420513833,63.52284259762422,77.98571777036105,27.3,42.516666666666666,30.133333333333333,1.215,18.6,2.399233333333333,0.3072307977387351,0.17725460145480001,0.45585802322158847,0,4
AGC_046,153.02881961159483,92.95093401843175,60.07788559316306,73.91907030736158,30.077083333333334,44.63125,25.291666666666668,1.2566666666666666,18.760416666666668,2.017798333333333,0.3142670341264693,0.19106858361419998,0.4469885284700077,0,4
AGC_047,179.55585290263267,112.68410824252828,66.87174466010441,76.10539186797644,34.31184210526315,39.890350877192986,25.809210526315788,1.3268859649122808,12.142543859649122,1.966872280701754,0.34084086380101336,0.21399854402105262,0.45519006123750844,0,4
AGC_048,153.37815276925792,90.69187748366681,62.68627528559111,73.34567669215875,27.493333333333332,46.388333333333335,26.111666666666668,1.2828333333333335,14.565,2.126554,0.29926852918681124,0.17702573469988,0.44465102286093117,0,4
AGC_049,133.27988041704683,71.76098250235077,61.51889791469603,78.5577385710686,21.991666666666667,46.60625,31.4,1.2089583333333334,21.84375,3.2113091666666667,0.28365972734232686,0.15273016305721251,0.4687408055069852,0,4
AGC_050,155.4949552582732,92.72485888152434,62.77009637674885,75.39775659563762,28.954166666666666,44.02916666666667,27.004166666666666,1.27625,16.766666666666666,2.3374566666666667,0.311723674853496,0.1860607471941,0.4521623745338761,0,4
AGC_051,142.45785918597517,80.04072733495546,62.41713185101969,76.61276554795423,25.011666666666667,44.76833333333333,30.22833333333333,1.2458333333333333,18.598333333333333,2.2739559999999996,0.2916402663964997,0.16395232381657598,0.44996434966544163,0,4
AGC_052,145.9432757618188,84.52756225199423,61.41571350982456,76.63796467210798,27.133333333333333,43.925,28.902083333333334,1.2679166666666666,19.960416666666667,2.344280833333333,0.30392865482163,0.17619871370145002,0.4530208312056891,0,4
AGC_053,152.80282914077145,90.85156920928648,61.95125993148497,73.63869790670348,28.236111111111114,45.393055555555556,26.381944444444443,1.2848611111111112,15.893055555555554,1.9418944444444441,0.3028826090639225,0.1801514458860833,0.44263281780914177,0,4
AGC_054,155.79311037413217,93.88630468724568,61.90680568688649,74.50428173421139,29.533333333333335,44.52291666666667,25.952083333333334,1.2735416666666666,16.94375,2.1664933333333334,0.3128954675011148,0.1887216646107625,0.4494106942891697,0,4
AGC_055,153.09718686685068,89.88939120099278,63.20779566585791,77.04740647338572,28.069444444444446,43.58611111111111,28.35,1.2841666666666667,18.013888888888886,2.668847777777778,0.31130424562355397,0.18289190150124443,0.459076853716554,0,4
AGC_056,153.6102106262086,88.68596621406238,64.92424441214622,77.2766616694984,26.910416666666666,43.735416666666666,29.352083333333333,1.2677083333333334,15.997916666666667,2.5895916666666663,0.3047647895411807,0.17597035342535003,0.456838582377304,0,4
AGC_057,130.80950231590361,70.24952177665233,60.5599805392513,78.35018933050368,22.133333333333333,45.90833333333333,31.95,1.2541666666666667,22.816666666666666,2.8876999999999997,0.2820351874713728,0.15145153858719998,0.4617313138067595,0,4
AGC_058,152.17599681673775,91.70712420071824,60.4688726160195,73.26464915726575,29.038333333333334,45.80166666666667,25.175,1.2705,17.49,2.0823046666666665,0.3076600585260749,0.18555230993063201,0.44580251268543863,0,4
AGC_059,144.94807853590203,81.99157429858113,62.9565042373209,75.69130180166201,25.103125,45.57083333333333,29.311458333333334,1.2572916666666667,16.892708333333335,2.2853775,0.2906875224264148,0.1645353527569781,0.44904616472494296,0,4
AGC_060,137.88559839383936,76.73772837693915,61.14787001690024,78.6223551113662,24.433333333333334,44.775,30.7875,1.2433333333333334,22.345833333333335,2.9531216666666666,0.2956478089190437,0.16461055040009998,0.46443931431471364,1,4
AGC_061,145.7207615364611,85.11914374663448,60.601617789826605,74.48175812732077,26.59861111111111,46.70138888888889,26.69722222222222,1.25375,18.694444444444446,2.588633888888889,0.29873042065662353,0.1745941571110889,0.45349183920432534,0,4
AGC_062,168.4447013416127,103.64465088067809,64.80005046093466,78.40805317922957,32.83055555555556,39.46666666666667,27.702777777777772,1.2530555555555556,17.372222222222224,2.8043733333333334,0.33986199327602706,0.2091819046439778,0.46810293050390117,0,4
AGC_063,164.27200757880323,100.71647420519793,63.555533373605286,77.37675033731848,32.142857142857146,40.725,27.125,1.2434523809523812,17.89047619047619,2.6063185714285715,0.33365153813498116,0.20469028757278365,0.4625002294550073,0,4
AGC_064,149.28418352497943,87.07403320987063,62.210150315108805,75.89650681678033,27.441666666666666,44.30833333333333,28.2125,1.2695833333333333,18.120833333333334,2.2613133333333333,0.3039716895879672,0.17747751156,0.45087124964286723,0,4
AGC_065,148.44919661223494,83.81734433010519,64.63185228212977,77.39182538199417,25.496491228070173,44.07982456140351,30.426754385964912,1.262280701754386,16.517543859649123,2.414885438596491,0.2963679731050464,0.1673815974683895,0.45365686494119206,0,4
AGC_066,170.31952942575984,102.69605441648122,67.62347500927862,77.58755039963276,31.35,39.47361111111111,29.19722222222222,1.326388888888889,12.856944444444444,1.8212144444444445,0.32597648028287685,0.1966638962834889,0.4505757978301754,0,4
AGC_067,149.86723719793312,87.52652220069093,62.3407149972422,76.45681513949197,27.370833333333334,44.641666666666666,27.9625,1.2420833333333334,18.554166666666667,2.6291,0.30662336092503656,0.17919533569255,0.45777620831963994,0,4
AGC_068,167.4369892345279,100.48645663585961,66.9505325986683,76.75503763278611,30.485416666666666,40.9625,28.5375,1.324375,12.785416666666666,1.8924491666666665,0.32014791580267266,0.1922228530813625,0.4489015061173952,0,4
AGC_069,160.50397975561856,98.85607182225763,61.647907933360926,76.5367098140042,31.908333333333335,42.49166666666667,25.6,1.2616666666666667,19.516666666666666,2.9552233333333335,0.3327813034011403,0.2052201203778,0.465600174540727,0,4
AGC_070,147.68985426763555,84.95146308743603,62.73839118019953,77.49641768471048,26.821875,43.59166666666667,29.59375,1.2298958333333334,19.144791666666666,2.48256,0.30444955547469355,0.1752888593335094,0.45659781888126333,0,4
AGC_071,152.03659622730305,91.08584891327268,60.950747314030394,73.3633231929771,28.673333333333332,45.656666666666666,25.666666666666668,1.2775,16.94333333333333,2.0050120000000002,0.3053041854772285,0.1830319801556,0.4441534993226503,0,4
AGC_072,131.85137215776655,71.55533518939876,60.29603696836779,76.88298519642763,21.994444444444447,47.730555555555554,30.283333333333335,1.1825,21.744444444444444,3.0878755555555557,0.2801127964514016,0.1519744877906889,0.464183864002489,0,4
AGC_073,169.6879804268242,104.08285373949923,65.60512668732495,79.24310343309666,32.916666666666664,38.4875,28.60625,1.2483333333333333,17.229166666666668,2.8589666666666664,0.34176812270388607,0.209696283648725,0.4703762366355295,0,4
AGC_074,139.62197575306635,79.65473781038781,59.96723794267853,74.62045728990422,24.715,47.91,27.37,1.2123333333333333,19.705,2.778226,0.28982032194807505,0.165452893131568,0.4569240791776959,0,4
AGC_075,151.88010283534348,91.11565158656128,60.76445124878218,73.47950643202012,28.86875,45.454166666666666,25.677083333333332,1.2775,17.339583333333334,1.9678741666666664,0.30650575501279187,0.184039910959425,0.4442108568492136,0,4
AGC_076,146.85265482838412,83.47805407561233,63.37460075277179,78.30538305791617,26.3125,42.99166666666667,30.645833333333332,1.2725,19.1375,2.5091383333333335,0.3028987721874936,0.1723898004243,0.4574620310269735,0,4
AGC_077,131.05611959655428,70.68269096252963,60.37342863402466,76.84125030905145,21.898333333333333,47.27,30.82,1.2336666666666667,21.53,2.8193146666666666,0.27803178251793376,0.149963032002848,0.45912613637201805,0,4
AGC_078,154.19199190211594,90.18991353868311,64.00207836343282,76.46347885897518,27.561111111111106,44.375,28.069444444444446,1.2447222222222223,16.33888888888889,2.5405055555555554,0.30728886906551417,0.1798497376338889,0.45700099806139427,0,4
AGC_079,149.12083987145817,86.44385298569509,62.6769868857631,77.92245633246385,27.331481481481486,43.593518518518515,29.07777777777778,1.2091666666666667,19.69537037037037,2.7239199999999997,0.30943509066117064,0.17956433010706419,0.46220803290812246,0,4
AGC_080,150.46102545999003,87.74900807179955,62.71201738819048,76.57996311693893,27.216666666666665,44.84285714285714,27.941666666666666,1.228452380952381,18.18690476190476,2.6896452380952383,0.3065179318101812,0.17888465994861633,0.45951582734795965,0,4
AGC_081,159.59628482554672,97.47636100049871,62.119923825048005,76.95163532398892,31.366666666666667,42.425,26.254166666666666,1.21,19.370833333333334,2.743315,0.33010166670943153,0.20184894116945,0.46461023868444157,0,4
AGC_082,146.92811598450777,83.28410148208911,63.64401450241866,75.66221181958866,25.19375,45.6625,29.11875,1.27,15.954166666666667,2.3241675,0.29138613976556865,0.16528245339958753,0.44987401857348364,0,4
AGC_083,157.58306163144744,94.5875513870108,62.99551024443663,75.10100460720058,29.585416666666667,43.516666666666666,26.879166666666666,1.2858333333333334,16.1375,2.0587433333333336,0.31332163598236346,0.18815329497036248,0.44788734271040437,0,4
AGC_084,142.7801622621899,79.80263243720626,62.977529824983634,76.3741164731277,24.173958333333335,46.228125,29.602083333333333,1.23,17.626041666666666,2.6361037499999997,0.28880613270043887,0.1615159385785594,0.4562064473998936,0,4
AGC_085,170.29706282765753,104.15558181643932,66.14148101121819,78.47766559306024,32.295833333333334,39.73125,27.972916666666666,1.2514583333333333,15.754166666666666,2.7964716666666667,0.337004348435792,0.20620823911402497,0.46709887697375546,0,4
AGC_086,162.07010198042633,98.15242748122886,63.917674499197496,74.67471697882664,30.0875,43.875,26.04375,1.276875,14.422916666666667,2.11621,0.3157560250252778,0.19129816339390002,0.44861041646127775,0,4
AGC_087,154.13434071015757,92.85802765860714,61.27631305155042,74.4967822499139,29.495833333333334,44.53333333333333,25.95625,1.2691666666666668,17.772916666666667,2.1661341666666667,0.312681935945069,0.1885206321952125,0.44949807505677397,0,4
AGC_088,127.25385568900066,68.80122982526989,58.45262586373076,75.88618579553014,21.727083333333333,48.04375,30.227083333333333,1.206875,23.125,2.8108383333333338,0.2752613297809336,0.14878435345504998,0.4575464723372786,0,4
AGC_089,158.08024718177325,93.22100263572868,64.85924454604454,76.18952168471506,28.125,44.2375,27.608333333333334,1.2558333333333334,14.9125,2.5206316666666666,0.3096521559936917,0.18266961985249996,0.4558783617363885,0,4
AGC_090,154.3170052678832,90.88788251360756,63.429122754275625,77.96030402648348,28.995238095238093,41.62738095238095,29.379761904761903,1.2276190476190476,18.691666666666666,2.4133947619047618,0.3165038190486983,0.18656997900455916,0.4572571620622097,0,4
AGC_091,166.93779140435635,103.77346073298116,63.16433067137519,77.93204596229586,32.958333333333336,41.52916666666667,25.5375,1.22375,19.029166666666665,3.646978333333333,0.34372392502039306,0.2138371817499,0.4781123651058732,0,4
AGC_092,167.31771850782593,104.99955956833763,62.3181589394883,77.06799003548298,33.729166666666664,41.46666666666667,24.804166666666667,1.2383333333333333,19.2,3.4587749999999997,0.34542726540173824,0.21698061534259996,0.4741944627215116,0,4
AGC_093,152.7342281758178,91.83749201913099,60.896736156686806,73.54218413669628,29.070833333333333,45.360416666666666,25.56875,1.27,17.227083333333333,1.9879875,0.3078861338425813,0.18531582694808751,0.44502040759616296,0,4
AGC_094,147.59741832300094,84.50542297937402,63.09199534362692,76.72085667206117,26.044444444444444,44.74444444444444,29.20277777777778,1.267777777777778,17.78611111111111,2.6013244444444443,0.2991945618737908,0.1713264674203555,0.4558189235307212,0,4
AGC_095,158.14757999718947,95.64654373599875,62.50103626119072,77.57910357424427,30.980555555555558,41.233333333333334,27.78611111111111,1.2597222222222222,19.48888888888889,2.6061133333333335,0.32764149881360716,0.19834299285653334,0.4615120218551893,0,4
AGC_096,164.0591984081879,99.36246822342486,64.69673018476307,77.70331231693098,31.25833333333334,40.66136363636364,28.075,1.2537878787878787,16.76742424242424,2.4839966666666666,0.32873730238816207,0.19923178185994384,0.46028137401203445,0,4
AGC_097,142.23909321308332,82.37348180948834,59.86561140359497,76.83028550123012,26.9625,44.19583333333333,28.8375,1.2641666666666667,22.158333333333335,2.6039583333333334,0.30441969900053356,0.17636922316515002,0.4565334339718302,0,4
AGC_098,152.75683147008448,92.43835843877709,60.318473031307384,74.13756985970976,29.701190476190476,44.97142857142857,25.329761904761906,1.2654761904761904,18.696428571428573,2.2247809523809527,0.31356580213182106,0.19000318569897143,0.45010555971597893,0,4
AGC_099,153.45023704348625,92.02465100536952,61.425586038116734,72.79159223109662,28.254166666666666,46.891666666666666,24.879166666666666,1.2841666666666667,15.633333333333333,2.25844,0.3033031528839111,0.18198383249875,0.4466184737213145,0,4
AGC_100,160.6777147738567,96.30966328068735,64.36805149316938,77.55399384565732,30.338888888888892,41.18194444444444,28.493055555555554,1.2438888888888888,17.03472222222222,2.3333861111111114,0.32290787461216774,0.1936512182027389,0.4569447357150318,0,4
AGC_101,165.06264049971037,101.93007752730782,63.132562972402525,76.9060241293497,32.8,40.45277777777778,26.73472222222222,1.2493055555555554,17.93611111111111,2.3913316666666664,0.33541621703702174,0.2072395101547722,0.4590948046757769,0,4
AGC_102,160.6103197881691,98.28401154092327,62.32630824724582,76.8932050363881,31.98571428571428,40.840476190476195,27.16071428571428,1.2539285714285715,18.98452380952381,2.3208323809523805,0.33065123090046455,0.20249588917315103,0.4571220270006143,0,4
AGC_103,154.215798265663,90.63955478543929,63.57624348022374,75.11081541730286,27.816666666666666,44.46944444444445,27.72222222222222,1.2819444444444446,15.383333333333333,2.12914,0.3039006415018159,0.17871594913964445,0.4473608085552944,0,4
AGC_104,172.67832395158086,105.83919580178889,66.839128149792,79.54549996514359,32.4375,39.7125,27.895833333333332,1.2191666666666667,16.0,3.50403,0.3426267673581393,0.2100509340829,0.47902819740256936,0,4
AGC_105,171.86489311389101,104.16305734351423,67.70183577037679,79.82181047315166,32.25555555555555,37.83888888888889,29.92222222222222,1.2747222222222223,15.211111111111114,2.6171277777777777,0.3379330225160084,0.20489667172742224,0.46685112432778764,0,4
AGC_106,170.36926500645268,102.90698027760789,67.4622847288448,80.07078632436519,31.948333333333334,37.973333333333336,30.086666666666666,1.255,15.768333333333333,2.7253566666666664,0.33717507168968863,0.20372376114908,0.46853282445484806,0,4
AGC_107,157.077824351813,93.64804109942541,63.42978325238758,74.01799162706521,28.48125,45.2625,26.258333333333333,1.2789583333333334,14.339583333333334,2.1144141666666667,0.3057200180937295,0.1823566987152875,0.44599825713136115,0,4
AGC_108,127.32755772469187,69.14437137270139,58.183186351990486,76.89090533173473,22.091666666666665,47.647222222222226,30.266666666666666,1.2208333333333334,24.483333333333334,3.0371133333333336,0.28048755650769125,0.15233604762146666,0.46357543023211784,0,4
AGC_109,141.24004635964963,81.56281760080017,59.67722875884943,76.89085659314392,26.758333333333333,44.30833333333333,28.941666666666666,1.2666666666666666,22.466666666666665,2.614733333333333,0.3035542736744399,0.17540284601920003,0.45703075603982657,0,4
AGC_110,170.6734640914504,102.9072365047892,67.7662275866612,80.34617074823191,31.98125,37.516666666666666,30.53125,1.2675,15.6875,2.666453333333333,0.33745930248659906,0.20354901790621252,0.46802509300351147,0,4
AGC_111,130.20598818762272,69.93619745212348,60.26979073549925,77.09706249105518,21.66111111111111,47.291666666666664,31.063888888888894,1.2155555555555557,21.95277777777778,2.9106866666666664,0.2775378354491142,0.14904273129735557,0.4608028069867142,0,4
AGC_112,161.7043832699444,98.01284105651231,63.6915422134321,74.92911107021112,30.233333333333334,43.608333333333334,26.164583333333333,1.2797916666666667,15.008333333333333,2.1578733333333333,0.31717558360861015,0.19229373182492496,0.44973503947770344,0,4
AGC_113,148.95273459459742,86.00943575460566,62.943298839991755,77.61530185305861,27.205208333333335,43.22083333333333,29.569791666666667,1.2379166666666668,19.014583333333334,2.459034583333333,0.3065973303995143,0.17723849397775,0.45668356318322023,0,4
AGC_114,153.23756357846048,92.94058829470302,60.296975283757455,72.92907503277851,29.551666666666666,45.733333333333334,24.703333333333333,1.2725,17.35,1.9736926666666668,0.30945923127871616,0.18791077289075195,0.4443335943937215,0,4
AGC_115,169.6879804268242,104.08285373949923,65.60512668732495,79.24310343309666,32.916666666666664,38.4875,28.60625,1.2483333333333333,17.229166666666668,2.8589666666666664,0.34176812270388607,0.209696283648725,0.4703762366355295,0,4
AGC_116,172.29582659610628,104.18157836026016,68.11424823584613,80.10937612290714,32.19166666666667,37.50833333333333,30.284722222222225,1.269861111111111,15.0,2.603000555555555,0.3379245002521341,0.20440887338062222,0.4669337333774885,0,4
AGC_117,154.89745786118792,92.13381581526406,62.76364204592387,73.73997801710968,28.289583333333333,45.327083333333334,26.389583333333334,1.2839583333333333,14.910416666666666,1.9660783333333332,0.30347471014992444,0.180574746788075,0.443191441499667,0,4
AGC_118,142.2401770060874,81.97404006960969,60.26613693647772,76.0059664024014,26.166666666666668,45.71666666666667,28.111111111111107,1.247222222222222,20.833333333333332,2.6381988888888888,0.29944304179562453,0.17276643112495554,0.45704848572971346,0,4
AGC_119,148.9147293068072,86.44903762165792,62.465691685149295,75.98507100765897,27.166666666666668,44.266666666666666,28.491666666666667,1.2716666666666667,17.883333333333333,2.221086666666667,0.3023670919715649,0.1757253069588,0.4501148464552449,0,4
AGC_120,158.5621311336453,95.76661461912079,62.795516514524515,76.40841844143284,30.055208333333333,43.52708333333333,26.415625,1.25875,17.8625,2.8174829166666666,0.3220601741390922,0.1947128100700375,0.46255048815693595,0,4
AGC_121,150.54616467088897,87.72801951901475,62.8181451518742,76.42329469413355,27.183333333333334,44.73928571428572,28.05952380952381,1.2401190476190478,17.863095238095237,2.6176066666666666,0.305496014508862,0.1781238566853061,0.4575351726729491,0,4
AGC_122,151.38263862398185,91.64918412205844,59.733454501923404,72.55997533458563,28.96111111111111,47.00555555555555,24.019444444444442,1.2480555555555555,17.73611111111111,2.244552222222222,0.307066654244776,0.18613336202046665,0.44754978824940717,0,4
AGC_123,151.12799155765634,91.936384372628,59.191607185028346,71.95117659245,29.292857142857137,46.94523809523809,23.77261904761905,1.2814285714285716,17.758333333333336,2.0088704761904763,0.3066776705983609,0.18675904294427753,0.44340061429782157,0,4
AGC_124,157.38132527321062,95.81235675552357,61.568968517687054,76.31092138108377,30.883333333333333,42.8,26.33888888888889,1.2469444444444444,19.38611111111111,2.6836933333333333,0.32543921576700624,0.1982543467985333,0.45985705471400184,0,4
AGC_125,173.3611115552686,105.47489183629783,67.88621971897075,79.67378338811358,32.574074074074076,37.718518518518515,29.695370370370366,1.270185185185185,14.819444444444446,2.5973337037037036,0.3393102029499202,0.20652056396973087,0.46668296006790766,0,4
AGC_126,130.8607291995903,70.46499089848977,60.39573830110054,77.10012445640191,21.696666666666665,47.501666666666665,30.805,1.2065000000000001,21.808333333333334,3.0080926666666663,0.2783481444349526,0.149847937007616,0.4627743789137067,0,4
AGC_127,134.4215658400275,72.65684065608258,61.76472518394495,79.13282222647962,22.583333333333332,45.59583333333333,31.816666666666666,1.24125,22.075,3.0687733333333336,0.2871558593457326,0.1552678223016,0.46707442149785267,1,4
AGC_128,150.46579896675325,88.1721626289897,62.293636337763566,74.85569323912134,27.35,45.24333333333333,27.435,1.2798333333333334,16.825,2.2512566666666665,0.3015752652652449,0.17681577653337602,0.44870120423158727,0,4
AGC_129,157.98862257730866,95.94671158772053,62.04191098958814,76.54409968318544,30.381944444444446,43.96527777777778,25.64861111111111,1.1702777777777778,19.06388888888889,2.97539,0.32531865609245353,0.1977451566204778,0.46608405776920175,1,4
AGC_130,144.66871095549976,83.97936439923072,60.689346556269044,75.56293055349789,26.780952380952378,45.338095238095235,27.870238095238093,1.2523809523809524,19.808333333333334,2.4082638095238096,0.3007204380683468,0.17478222047918365,0.4528278352935675,0,4
AGC_131,166.18318276532057,102.68217798941302,63.50100477590756,77.13249663611327,32.72083333333333,40.77291666666667,26.50625,1.2327083333333333,17.7,2.7059616666666666,0.3368042408713638,0.20825007981117497,0.46397901055591545,0,4
AGC_132,132.3010604279422,72.17637304164114,60.12468738630106,76.05533723622204,22.375,47.54833333333333,30.085,1.2023333333333333,21.106666666666666,2.7767893333333333,0.2789059510111754,0.152147055617472,0.45713621358667306,0,4
AGC_133,130.111308173178,69.34361301462508,60.767695158552925,76.92680886914563,21.30625,47.29375,31.385416666666668,1.225,21.108333333333334,2.768456666666667,0.27449256725606774,0.146281219140825,0.45787669750283444,0,4
AGC_134,143.03295624523264,81.03901079849193,61.99394544674072,77.36694168554511,25.654166666666665,44.333333333333336,30.014583333333334,1.239375,19.985416666666666,2.5173991666666664,0.2978413225652293,0.1688964197559875,0.4558470699717653,0,4
AGC_135,131.80996757681567,71.13871764074256,60.671249936073124,76.680265756464,21.895833333333332,47.3125,30.770833333333332,1.2083333333333333,21.016666666666666,2.825205,0.27755921965603997,0.1497587767286,0.45851826260695,0,4
AGC_136,172.28553813414555,105.46842340182995,66.81711473231562,79.9293162025777,32.44375,39.4375,28.11875,1.2279166666666668,16.43125,3.56868,0.3436307875568462,0.21041526055254997,0.48111416486129105,0,4
AGC_137,140.03827926517937,77.78070102244055,62.257578242738795,76.91417465556165,24.03888888888889,45.65,30.31805555555556,1.2459722222222223,19.14097222222222,2.592824166666667,0.2886154472650861,0.16042515617248335,0.45577292607666353,0,4
AGC_138,151.1863556710024,90.0606555861104,61.12570008489199,72.74589140514104,27.881666666666668,46.653333333333336,25.445,1.2778333333333332,15.991666666666667,2.057306666666667,0.3000523611793497,0.178809208837448,0.44303009931559567,0,4
AGC_139,169.6879804268242,104.08285373949923,65.60512668732495,79.24310343309666,32.916666666666664,38.4875,28.60625,1.2483333333333333,17.229166666666668,2.8589666666666664,0.34176812270388607,0.209696283648725,0.4703762366355295,0,4
AGC_140,150.92102711810642,89.43261126365033,61.48841585445609,74.9455294953129,28.047916666666666,45.36666666666667,26.60625,1.259375,18.008333333333333,2.4624466666666662,0.30697880285587154,0.18206958703035003,0.4534083363520282,0,4
AGC_141,154.0990802020405,92.76576384668297,61.33331635535754,73.57093035363826,29.26,45.031666666666666,25.726666666666667,1.2818333333333334,16.658333333333335,1.9064566666666667,0.30845071671379976,0.18583249945773597,0.44364597750773793,0,4
AGC_142,130.80950231590361,70.24952177665233,60.5599805392513,78.35018933050368,22.133333333333333,45.90833333333333,31.95,1.2541666666666667,22.816666666666666,2.8876999999999997,0.2820351874713728,0.15145153858719998,0.4617313138067595,0,4
AGC_143,164.72682957150153,99.84487862044345,64.8819509510581,78.25328252010408,31.64285714285714,39.720238095238095,28.667857142857144,1.2353571428571428,17.117857142857144,2.4273509523809524,0.33145583557395986,0.20103369804045307,0.4609394957166177,0,4
AGC_144,151.72415832719497,90.23301486691697,61.491143460277996,75.28304605717918,28.701190476190476,44.222619047619055,27.079761904761902,1.2727380952380951,18.338095238095242,2.308723333333333,0.3100168788060809,0.18454513537744896,0.45141444326290486,0,4
AGC_145,152.40707465669544,93.21770250832259,59.18937214837286,72.55436654938609,29.883333333333333,46.39833333333333,23.721666666666668,1.301,18.436666666666667,2.1940773333333334,0.31182313970628883,0.190899195457312,0.44716994426819173,0,4
AGC_146,156.7537685771201,93.60510318978879,63.148665387331306,74.29621896735429,28.66875,45.047916666666666,26.285416666666666,1.2764583333333333,15.035416666666666,2.1736766666666667,0.3075834840853822,0.18375645247312503,0.4476499991443296,0,4
AGC_147,148.29901236299614,88.21059947679136,60.08841288620478,73.71174872097868,28.08611111111111,45.88055555555555,26.0375,1.2630555555555554,18.498611111111114,2.173197777777778,0.30348615388255334,0.18063323934758888,0.4466940589627245,0,4
AGC_148,154.80040057083488,91.22284371671942,63.57755685411544,75.53127315632518,27.783333333333335,45.075,27.145833333333332,1.2533333333333334,15.879166666666666,2.5134483333333333,0.306746515335742,0.1808610600752,0.45484275112775197,0,4
AGC_149,142.3847962004513,82.28523838263126,60.09955781782004,75.60622222896717,26.363095238095237,45.692857142857136,27.93095238095238,1.245,20.635714285714286,2.494874285714286,0.2989752618279548,0.17296489144634283,0.45408518646245055,0,4
AGC_150,172.3320409884118,105.05815838147214,67.27388260693964,79.41279828137417,31.985416666666666,39.858333333333334,28.158333333333335,1.235625,15.322916666666666,3.3406091666666664,0.3392279217814153,0.206873257979125,0.47596697320828035,0,4
AGC_151,135.31815309857575,72.92387124119838,62.39428185737738,77.71509571001047,22.276041666666668,46.16979166666667,31.555208333333333,1.2220833333333334,19.822916666666668,2.73685,0.28108836641462165,0.1515632068979375,0.4590151805998134,0,4
AGC_152,131.8434197016099,70.33139386571614,61.51202583589374,76.72749913206316,21.325,47.516666666666666,31.180555555555554,1.1833333333333333,19.936111111111114,2.713384444444445,0.27423726868663856,0.14635810346653333,0.4578634802855008,0,4
AGC_153,171.4227929737708,105.40532881076712,66.01746416300372,78.63730806691873,32.87777777777777,39.108333333333334,28.025,1.2436111111111112,16.058333333333334,2.81012,0.34044378871502007,0.2093816086034889,0.4686643269900631,0,4
AGC_154,159.73059261783095,96.69288433297157,63.03770828485939,77.81650375879292,31.213888888888892,40.74444444444445,28.077777777777772,1.2641666666666669,19.038888888888888,2.563013333333333,0.3290778520312327,0.19938367909991112,0.46160084407240304,0,4
AGC_155,139.78166038620293,77.28745403571249,62.494206350490444,77.03207677712464,23.825,45.525,30.65,1.25,18.966666666666665,2.563013333333333,0.28730358421254104,0.158916789584,0.45468977413871453,0,4
AGC_156,146.79956455501213,86.51232602177294,60.287238533239176,74.75240823354316,27.49375,45.875,26.625,1.2577083333333334,19.414583333333333,2.465679166666667,0.3036997333642677,0.17911238630836246,0.4529540301697519,0,4
AGC_157,153.7308327436677,92.45657525316196,61.27425749050572,73.44297143261844,29.1375,45.18333333333333,25.675,1.2858333333333334,16.595833333333335,1.8971183333333332,0.3074764132304974,0.1850714608428,0.4430697657727407,0,4
AGC_158,160.51989445554855,96.35636002554835,64.1635344300002,77.51648214418415,30.44027777777778,41.201388888888886,28.351388888888888,1.2627777777777778,17.25972222222222,2.3875005555555555,0.3235561693417847,0.19436203243481112,0.4576875501625006,0,4
AGC_159,166.92822914760023,104.05197068031671,62.87625846728353,77.68058063407591,33.44583333333333,40.729166666666664,25.816666666666666,1.2354166666666666,19.129166666666666,3.329475,0.3442656280064265,0.2147979936163,0.4736484675944098,0,4
AGC_160,146.60430923307962,85.56870035906655,61.03560887401305,76.49602752456914,27.35277777777778,44.46527777777778,28.181944444444447,1.2511111111111113,20.275,2.6731577777777775,0.30640987944752635,0.17891650023991112,0.4574332896150842,0,4
AGC_161,147.12476048186016,85.93308138734326,61.19167909451689,77.10735264033013,27.69722222222222,43.7,28.622222222222227,1.2597222222222222,20.702777777777776,2.6559177777777774,0.3092946992477725,0.18078244484722222,0.45875355447762284,0,4
AGC_162,134.49439854949827,73.91093612657396,60.58346242292432,77.46884682389671,23.283333333333335,46.0125,30.715277777777775,1.2295833333333333,21.930555555555557,2.8520227777777776,0.2866578956913168,0.15754315098482222,0.4602739976845412,0,4
AGC_163,153.5690143557731,92.37951485330936,61.189499502463775,73.29295467739001,29.091666666666665,45.333333333333336,25.591666666666665,1.29,16.541666666666668,1.8935266666666666,0.3069191672827167,0.1847642428204,0.44254049995479666,0,4
AGC_164,171.3326833912186,104.33488826522415,66.99779512599444,76.86324568052287,31.840625,40.246875,27.914583333333333,1.3373958333333333,12.863541666666666,1.9048404166666668,0.3280031333173288,0.19989772384979063,0.45156005769078356,0,4
AGC_165,127.9652933451147,69.17671470802894,58.78857863708576,75.99659856911533,21.752777777777776,47.94722222222222,30.29444444444444,1.2041666666666666,22.797222222222224,2.8168244444444444,0.27561628217677003,0.14895528456157778,0.4577776123450959,0,4
AGC_166,154.0281638793033,91.95736267529556,62.07080120400771,76.12943022824962,29.25,43.59375,27.145833333333332,1.238125,18.55,2.434790833333333,0.31544412563326185,0.18856174191951253,0.4560417476525902,0,4
AGC_167,169.08021612267825,105.55870199074624,63.52151413193202,77.64252765882138,33.36666666666667,41.31041666666667,25.33125,1.23,18.258333333333333,3.558264166666666,0.34491403807785237,0.21550982531315005,0.4765040212144799,0,4
AGC_168,151.5685174150418,88.17713534126378,63.391382073778004,78.40570373741693,28.129166666666666,41.858333333333334,30.033333333333335,1.2695833333333333,19.220833333333335,2.5077016666666667,0.31292862472304495,0.18225245182735,0.45863319763634497,0,4
AGC_169,164.33305822463154,99.63426928547375,64.69878893915781,75.41156756719388,30.47222222222222,43.0,26.511111111111113,1.2825,14.21388888888889,2.178944444444445,0.3193461597311009,0.1936602137857778,0.45092242478529054,0,4
AGC_170,170.47866636879203,103.39691166555743,67.0817547032346,76.82724538906353,31.47833333333333,40.42666666666667,28.091666666666665,1.3365,12.713333333333333,1.8731259999999998,0.3257953609625886,0.197749951980816,0.4504929163698158,0,4
AGC_171,166.13000720503896,102.00942013092771,64.12058707411128,77.26576876237411,32.14895833333333,40.95729166666667,26.915625,1.2485416666666667,17.025,2.6777670833333334,0.3338065042551329,0.20503022298450935,0.46320311026647415,0,4
AGC_172,133.68134394418007,72.39220362948231,61.289140314697754,76.9776025148485,22.077777777777776,47.263888888888886,30.688888888888894,1.1991666666666667,20.541666666666668,2.9341522222222225,0.2797549543429475,0.15145895015153332,0.4611372420756942,0,4
AGC_173,160.8978020333421,95.75604126973846,65.1417607636036,75.27005520462038,29.0875,43.28333333333333,27.616666666666667,1.2970833333333334,13.475,1.902865,0.31006275536745065,0.18461266335975002,0.44521657166816736,0,4
AGC_174,157.68383825959873,93.30199091010458,64.38184734949415,76.69570108217755,28.804166666666667,42.958333333333336,28.2375,1.2725,16.08125,2.4096491666666666,0.3133519219377084,0.1855257534674125,0.45503474435204005,0,4
AGC_175,160.75462977117854,98.62959403020527,62.12503574097325,76.94255713953017,31.927777777777774,41.55,26.505555555555553,1.2394444444444446,19.313888888888886,2.7028488888888886,0.3322233685740614,0.20398577334151113,0.4624309931529058,0,4
AGC_176,155.28255030360188,93.03426506386677,62.2482852397351,76.41333598711768,29.675,42.958333333333336,27.348611111111108,1.2480555555555555,18.586111111111112,2.490222222222222,0.318068660646585,0.19071310066805555,0.45630664314900493,0,4
AGC_177,171.36805336046,105.12650908424605,66.24154427621397,78.927486669376,32.63333333333333,39.391666666666666,27.969444444444445,1.256388888888889,16.108333333333334,3.0246622222222226,0.3405384713009378,0.2089926601853111,0.4715604978479156,0,4
AGC_178,158.63669189291863,95.24607108924589,63.39062080367276,77.02005937582001,30.29027777777778,41.661111111111104,28.048611111111114,1.233888888888889,17.729166666666668,2.2783138888888885,0.32154159664955556,0.1931748310231889,0.45526280278780634,0,4
AGC_179,153.32471483394468,92.181897002349,61.14281783159568,76.26969605987651,29.875,43.031666666666666,27.098333333333336,1.2495,19.885,2.517902,0.31899476295713014,0.19187860285733602,0.45634264462668284,0,4
AGC_180,141.36036681644345,79.83376122823518,61.5266055882083,77.12749437951663,25.41547619047619,44.458333333333336,30.126190476190477,1.2340476190476193,20.316666666666666,2.4300190476190475,0.2956152838049631,0.16706945983910207,0.4537475223069446,0,4
AGC_181,158.1029599623373,94.94129817498361,63.161661787353694,77.41503887166337,30.191666666666666,42.03333333333333,27.804166666666667,1.2504166666666667,18.475,2.6707633333333334,0.3234385597619056,0.19441349497580002,0.4614201422452523,0,4
AGC_182,158.10412191523307,95.57271594167847,62.5314059735546,76.95575912900819,30.776388888888892,41.68611111111111,27.525,1.2484722222222222,18.79027777777778,2.4504744444444446,0.3247308377634303,0.1964712392150833,0.45763684736270693,0,4
AGC_183,153.3540860006252,91.04853085278987,62.30555514783533,72.74159027697642,27.796666666666667,46.32666666666667,25.89,1.2883333333333333,14.368333333333334,1.8722640000000002,0.2985746968714247,0.177338713076464,0.4400470542058994,0,4
AGC_184,157.33854118422852,94.05153058983768,63.287010594390864,74.35556669681627,28.810416666666665,44.864583333333336,26.335416666666667,1.2725,14.916666666666666,2.146020833333333,0.3083091528919188,0.18438320839722502,0.4474092092883988,0,4
AGC_185,157.7074521638073,93.27131743007394,64.43613473373334,78.40130350589989,29.373809523809523,41.31666666666667,29.286904761904765,1.234047619047619,17.853571428571428,2.584152857142857,0.3201707145123243,0.1895018753358245,0.46128065494251613,0,4
AGC_186,169.06696040103174,104.17313443903342,64.89382596199832,77.64532779840609,32.88125,39.66875,27.439583333333335,1.2653125,16.440625,2.457059166666667,0.3373631332078539,0.20795425354384375,0.4618171115221218,0,4
AGC_187,155.88583490577224,94.30063944247198,61.58519546330025,74.72902290610824,30.208333333333332,43.3625,26.422916666666666,1.3083333333333333,17.60625,1.9039425,0.3155143475117929,0.1909659760016125,0.4460206716820254,0,4
AGC_188,161.6633960676034,99.44949195161432,62.21390411598908,76.63062982662584,32.06666666666667,41.739583333333336,26.19375,1.2383333333333335,18.866666666666667,2.6578333333333335,0.33229788762874723,0.2045801712510375,0.4614551635419022,0,4
AGC_189,156.2633277677633,94.10987447561958,62.15345329214371,76.56370270992696,29.966666666666665,43.1625,26.860416666666666,1.25625,18.864583333333332,2.7336175,0.32120051490419904,0.19359434372098747,0.46079806433368237,0,4
AGC_190,131.6404895792906,71.38554675136487,60.25494282792572,75.80260537367839,21.960416666666667,47.85,30.18125,1.1997916666666666,20.639583333333334,2.7400825,0.27597293462867234,0.149635259005875,0.45605715069781233,0,4
AGC_191,140.89945479392054,79.56535823680242,61.33409655711814,78.78373875668808,25.5,44.03333333333333,30.475,1.2504166666666667,22.254166666666666,2.9868300000000003,0.3017935626582468,0.1704873313971,0.4653383493372269,0,4
AGC_192,159.825906725859,97.37373413518796,62.452172590671054,76.79529719096463,31.429166666666667,41.47083333333333,27.079166666666666,1.2470833333333333,18.716666666666665,2.4186283333333334,0.32794786721614105,0.1999557052312,0.45784136237367773,0,4
AGC_193,158.98516119925154,95.32923325991152,63.65592793933999,77.52405990300535,30.051190476190477,42.03333333333333,27.94404761904762,1.2420238095238096,17.91904761904762,2.69375,0.3229957108121436,0.19378894430713467,0.46205521537647504,0,4
AGC_194,150.38940384839538,88.1567719828322,62.232631865563164,76.56094634145362,27.989583333333332,43.65416666666667,28.366666666666667,1.2425,18.789583333333333,2.4100083333333333,0.30884539627150603,0.18124381903575,0.4547746087109977,0,4
AGC_195,168.40812628551492,102.76016925777124,65.6479570277437,79.14873960496766,32.363888888888894,38.919444444444444,28.716666666666665,1.2408333333333332,17.072222222222223,2.835501111111111,0.3385404104524572,0.20662584444417778,0.46912994303038763,0,4
AGC_196,172.21916550172335,106.35007165073175,65.86909385099162,75.38825203837695,32.485,41.32833333333333,26.191666666666666,1.3218333333333334,12.633333333333333,1.7734213333333333,0.3286970822788043,0.203049995548176,0.4486199387277215,0,4
AGC_197,166.91267127306446,101.69729812460336,65.2153731484611,77.54078249045025,31.85625,40.235416666666666,27.904166666666665,1.2527083333333333,15.925,2.3546966666666664,0.33109879345857124,0.20186415597448748,0.45862926545927624,0,4
