ID_POLIGON,elev_m,pendiente_deg,pendiente_pct,CONJUNTO
AGC_196,2544.8,1.63,2.85,ENTRENAMIENTO
AGC_044,2530.0,0.43,0.75,ENTRENAMIENTO
AGC_020,2529.1,0.51,0.89,ENTRENAMIENTO
AGC_174,2546.5,2.58,4.51,PREDICCION
AGC_083,2563.2,2.12,3.7,ENTRENAMIENTO
AGC_149,2649.5,7.47,13.11,PREDICCION
AGC_052,2630.8,6.8,11.92,PREDICCION
AGC_009,2646.8,7.3,12.8,ENTRENAMIENTO
AGC_119,2644.3,7.58,13.32,ENTRENAMIENTO
AGC_064,2655.6,5.81,10.17,ENTRENAMIENTO
AGC_130,2650.2,6.02,10.54,PREDICCION
AGC_035,2527.7,0.28,0.49,ENTRENAMIENTO
AGC_047,2527.8,0.51,0.89,ENTRENAMIENTO
AGC_084,2687.9,4.34,7.59,ENTRENAMIENTO
AGC_151,2735.2,7.21,12.65,ENTRENAMIENTO
AGC_137,2721.7,4.22,7.38,ENTRENAMIENTO
AGC_152,2762.0,4.9,8.57,ENTRENAMIENTO
AGC_051,2745.1,4.35,7.6,ENTRENAMIENTO
AGC_107,2630.2,0.78,1.35,PREDICCION
AGC_065,2735.6,1.96,3.42,PREDICCION
AGC_059,2646.0,4.15,7.26,ENTRENAMIENTO
AGC_184,2628.9,0.63,1.1,ENTRENAMIENTO
AGC_082,2637.4,2.98,5.2,PREDICCION
AGC_146,2627.2,0.64,1.12,ENTRENAMIENTO
AGC_128,2630.1,1.8,3.14,PREDICCION
AGC_180,2774.2,6.22,10.9,ENTRENAMIENTO
AGC_134,2766.9,7.15,12.54,ENTRENAMIENTO
AGC_041,2702.0,2.94,5.14,ENTRENAMIENTO
AGC_166,2692.9,3.69,6.45,ENTRENAMIENTO
AGC_003,2643.2,2.44,4.27,PREDICCION
AGC_081,2635.6,1.68,2.94,ENTRENAMIENTO
AGC_129,2650.7,1.76,3.08,PREDICCION
AGC_034,2692.4,1.85,3.24,ENTRENAMIENTO
AGC_079,2704.3,3.95,6.9,ENTRENAMIENTO
AGC_070,2739.7,4.33,7.58,ENTRENAMIENTO
AGC_113,2712.0,3.48,6.08,PREDICCION
AGC_038,2709.0,4.17,7.3,ENTRENAMIENTO
AGC_042,2691.5,3.98,6.97,PREDICCION
AGC_194,2715.7,3.68,6.44,ENTRENAMIENTO
AGC_030,2766.4,1.98,3.46,PREDICCION
AGC_078,2753.2,1.69,2.95,ENTRENAMIENTO
AGC_121,2755.1,2.6,4.54,ENTRENAMIENTO
AGC_148,2747.0,1.24,2.16,ENTRENAMIENTO
AGC_067,2746.6,3.25,5.68,ENTRENAMIENTO
AGC_089,2743.8,1.05,1.83,ENTRENAMIENTO
AGC_007,2760.6,2.72,4.76,ENTRENAMIENTO
AGC_080,2762.7,0.62,1.09,ENTRENAMIENTO
AGC_156,2752.7,1.39,2.42,PREDICCION
AGC_140,2748.1,1.63,2.84,ENTRENAMIENTO
AGC_118,2780.5,7.59,13.33,PREDICCION
AGC_190,2890.5,2.29,3.99,PREDICCION
AGC_092,2635.0,4.43,7.75,ENTRENAMIENTO
AGC_091,2636.0,2.35,4.1,PREDICCION
AGC_060,2717.5,8.93,15.71,ENTRENAMIENTO
AGC_115,2600.8,0.47,0.83,ENTRENAMIENTO
AGC_191,2711.5,8.31,14.61,PREDICCION
AGC_085,2614.7,0.79,1.38,PREDICCION
AGC_188,2658.8,3.42,5.98,PREDICCION
AGC_126,2891.6,2.92,5.1,PREDICCION
AGC_097,2751.2,2.74,4.78,ENTRENAMIENTO
AGC_043,2605.4,0.66,1.16,PREDICCION
AGC_185,2632.5,3.01,5.25,ENTRENAMIENTO
AGC_108,2865.1,7.38,12.95,ENTRENAMIENTO
AGC_181,2639.2,6.86,12.02,ENTRENAMIENTO
AGC_153,2606.3,0.32,0.55,PREDICCION
AGC_006,2893.3,3.0,5.25,ENTRENAMIENTO
AGC_036,2613.7,0.72,1.26,PREDICCION
AGC_109,2751.8,2.41,4.21,ENTRENAMIENTO
AGC_077,2848.7,2.12,3.7,ENTRENAMIENTO
AGC_177,2612.8,0.77,1.34,PREDICCION
AGC_105,2609.4,0.72,1.25,ENTRENAMIENTO
AGC_182,2643.4,3.6,6.3,PREDICCION
AGC_096,2618.2,0.93,1.62,ENTRENAMIENTO
AGC_176,2693.0,4.79,8.37,ENTRENAMIENTO
AGC_155,2754.8,6.02,10.55,ENTRENAMIENTO
AGC_100,2646.3,1.26,2.19,ENTRENAMIENTO
AGC_135,2875.0,6.42,11.26,ENTRENAMIENTO
AGC_186,2602.2,0.9,1.57,PREDICCION
AGC_143,2616.8,2.32,4.05,PREDICCION
AGC_018,2620.2,2.12,3.71,ENTRENAMIENTO
AGC_106,2606.1,0.54,0.94,ENTRENAMIENTO
AGC_033,2759.4,6.47,11.35,ENTRENAMIENTO
AGC_150,2615.6,0.81,1.41,ENTRENAMIENTO
AGC_104,2613.5,0.76,1.32,ENTRENAMIENTO
AGC_167,2635.5,3.76,6.58,ENTRENAMIENTO
AGC_002,2611.5,0.56,0.97,ENTRENAMIENTO
AGC_136,2610.0,0.29,0.51,PREDICCION
AGC_178,2641.3,1.29,2.26,ENTRENAMIENTO
AGC_125,2608.1,0.61,1.07,ENTRENAMIENTO
AGC_116,2604.7,0.76,1.33,PREDICCION
AGC_162,2835.1,5.01,8.77,ENTRENAMIENTO
AGC_057,2732.0,8.28,14.56,ENTRENAMIENTO
AGC_142,2726.0,7.95,13.97,PREDICCION
AGC_197,2613.6,1.28,2.23,ENTRENAMIENTO
AGC_028,2653.4,8.14,14.31,PREDICCION
AGC_073,2600.6,0.4,0.7,ENTRENAMIENTO
AGC_031,2604.4,0.5,0.86,PREDICCION
AGC_171,2628.1,1.56,2.73,ENTRENAMIENTO
AGC_111,2883.5,5.43,9.51,ENTRENAMIENTO
AGC_015,2672.0,2.83,4.95,ENTRENAMIENTO
AGC_063,2607.9,1.35,2.35,PREDICCION
AGC_110,2607.5,0.56,0.98,ENTRENAMIENTO
AGC_032,2640.2,5.28,9.23,ENTRENAMIENTO
AGC_024,2630.6,0.72,1.26,ENTRENAMIENTO
AGC_045,2617.9,1.83,3.2,ENTRENAMIENTO
AGC_195,2603.5,0.38,0.66,ENTRENAMIENTO
AGC_088,2905.2,2.05,3.58,PREDICCION
AGC_005,2623.8,1.68,2.93,ENTRENAMIENTO
AGC_102,2624.1,1.31,2.29,ENTRENAMIENTO
AGC_127,2725.8,6.91,12.13,ENTRENAMIENTO
AGC_101,2623.5,1.65,2.89,ENTRENAMIENTO
AGC_095,2640.3,4.76,8.33,PREDICCION
AGC_017,2657.8,4.79,8.37,ENTRENAMIENTO
AGC_192,2708.4,2.63,4.59,PREDICCION
AGC_072,2893.0,3.48,6.08,ENTRENAMIENTO
AGC_159,2628.7,1.85,3.23,ENTRENAMIENTO
AGC_158,2631.4,1.07,1.86,PREDICCION
AGC_011,2723.4,4.39,7.69,PREDICCION
AGC_076,2631.0,6.07,10.64,PREDICCION
AGC_168,2632.6,3.56,6.23,ENTRENAMIENTO
AGC_132,2879.8,3.63,6.34,ENTRENAMIENTO
AGC_062,2600.4,0.39,0.68,ENTRENAMIENTO
AGC_056,2743.3,3.01,5.26,ENTRENAMIENTO
AGC_055,2733.0,3.47,6.06,ENTRENAMIENTO
AGC_179,2731.3,5.26,9.21,ENTRENAMIENTO
AGC_139,2600.3,0.34,0.6,ENTRENAMIENTO
AGC_133,2840.6,2.91,5.09,ENTRENAMIENTO
AGC_013,2900.5,2.84,4.97,ENTRENAMIENTO
AGC_189,2620.2,1.66,2.9,ENTRENAMIENTO
AGC_094,2749.9,1.14,1.99,PREDICCION
AGC_160,2741.5,3.1,5.42,ENTRENAMIENTO
AGC_124,2717.4,5.92,10.36,ENTRENAMIENTO
AGC_172,2886.2,3.54,6.19,ENTRENAMIENTO
AGC_026,2617.6,0.86,1.49,ENTRENAMIENTO
AGC_175,2644.8,2.98,5.21,PREDICCION
AGC_010,2602.5,0.46,0.8,ENTRENAMIENTO
AGC_008,2617.1,2.64,4.62,ENTRENAMIENTO
AGC_154,2635.8,3.8,6.64,PREDICCION
AGC_012,2881.2,5.36,9.38,ENTRENAMIENTO
AGC_049,2863.2,6.88,12.07,ENTRENAMIENTO
AGC_090,2628.9,2.52,4.4,ENTRENAMIENTO
AGC_131,2623.6,2.67,4.67,ENTRENAMIENTO
AGC_022,2620.8,1.13,1.97,ENTRENAMIENTO
AGC_014,2602.8,0.68,1.18,ENTRENAMIENTO
AGC_016,2611.8,0.59,1.02,PREDICCION
AGC_161,2733.9,6.3,11.05,ENTRENAMIENTO
AGC_069,2625.0,3.95,6.9,ENTRENAMIENTO
AGC_165,2903.4,2.39,4.18,ENTRENAMIENTO
AGC_021,2752.5,2.67,4.66,ENTRENAMIENTO
AGC_193,2630.9,1.56,2.73,ENTRENAMIENTO
AGC_098,2698.9,3.3,5.77,ENTRENAMIENTO
AGC_187,2555.1,0.89,1.55,ENTRENAMIENTO
AGC_040,2532.6,1.03,1.8,ENTRENAMIENTO
AGC_025,2538.6,0.85,1.49,PREDICCION
AGC_050,2601.1,3.02,5.28,PREDICCION
AGC_039,2638.5,5.4,9.45,PREDICCION
AGC_099,2577.4,1.69,2.95,ENTRENAMIENTO
AGC_048,2560.9,4.54,7.94,ENTRENAMIENTO
AGC_120,2617.6,5.97,10.46,PREDICCION
AGC_112,2537.0,1.15,2.01,ENTRENAMIENTO
AGC_138,2580.6,1.49,2.61,ENTRENAMIENTO
AGC_029,2689.8,3.28,5.72,PREDICCION
AGC_122,2710.6,5.53,9.68,ENTRENAMIENTO
AGC_023,2503.5,1.66,2.9,ENTRENAMIENTO
AGC_004,2563.8,1.35,2.35,ENTRENAMIENTO
AGC_144,2644.7,3.49,6.11,ENTRENAMIENTO
AGC_147,2670.1,4.18,7.31,PREDICCION
AGC_075,2611.6,1.67,2.91,PREDICCION
AGC_093,2617.5,1.87,3.27,PREDICCION
AGC_053,2588.8,1.64,2.86,ENTRENAMIENTO
AGC_117,2584.1,2.02,3.53,ENTRENAMIENTO
AGC_087,2649.8,2.07,3.61,PREDICCION
AGC_054,2644.1,1.94,3.39,ENTRENAMIENTO
AGC_145,2674.6,2.13,3.72,ENTRENAMIENTO
AGC_123,2692.4,1.97,3.43,ENTRENAMIENTO
AGC_170,2501.3,1.36,2.38,ENTRENAMIENTO
AGC_086,2546.6,1.22,2.13,PREDICCION
AGC_183,2579.3,1.56,2.73,PREDICCION
AGC_164,2497.2,0.83,1.45,ENTRENAMIENTO
AGC_173,2567.1,1.26,2.19,PREDICCION
AGC_027,2608.5,1.5,2.62,PREDICCION
AGC_169,2529.3,1.11,1.95,ENTRENAMIENTO
AGC_163,2612.4,1.81,3.16,ENTRENAMIENTO
AGC_157,2617.2,1.89,3.3,ENTRENAMIENTO
AGC_141,2621.0,1.87,3.26,ENTRENAMIENTO
AGC_061,2779.9,5.0,8.76,PREDICCION
AGC_066,2513.4,1.52,2.65,ENTRENAMIENTO
AGC_068,2522.1,1.55,2.7,ENTRENAMIENTO
AGC_071,2611.0,1.83,3.2,PREDICCION
AGC_037,2614.1,1.82,3.17,ENTRENAMIENTO
AGC_058,2620.5,2.03,3.54,ENTRENAMIENTO
AGC_114,2678.1,2.54,4.43,ENTRENAMIENTO
AGC_074,2807.6,4.85,8.49,ENTRENAMIENTO
AGC_019,2584.9,2.64,4.61,ENTRENAMIENTO
AGC_103,2581.3,4.11,7.19,ENTRENAMIENTO
AGC_046,2653.1,1.78,3.11,ENTRENAMIENTO
AGC_001,2709.0,2.99,5.23,ENTRENAMIENTO
