ID_POLIGON,latitud,longitud
AGC_196,19.656256748865168,-98.57907446800543
AGC_044,19.629536934196246,-98.58625198321968
AGC_020,19.62792189207076,-98.58611414811125
AGC_174,19.89818392804266,-98.3042784281099
AGC_083,19.888301971209593,-98.29256815168712
AGC_149,19.931605383947616,-98.27634276516895
AGC_052,19.92889435736223,-98.27873117310209
AGC_009,19.92753471667568,-98.27688293679677
AGC_119,19.926785733577585,-98.27680092022598
AGC_064,19.929403715557672,-98.27570353531186
AGC_130,19.932831596557744,-98.27345824026837
AGC_035,19.86987385235598,-98.36256967530046
AGC_047,19.838384598027062,-98.39376415801387
AGC_084,19.79892934433526,-98.28730443337842
AGC_151,19.77299679574309,-98.28242563578713
AGC_137,19.763768164861325,-98.28329027168427
AGC_152,19.77700254021186,-98.27703297351596
AGC_051,19.75100973471982,-98.34781067381824
AGC_107,19.804874391930944,-98.26565109377738
AGC_065,19.767191877771673,-98.34133514664164
AGC_059,19.799497444705356,-98.26524833670244
AGC_184,19.80668215006224,-98.26560344184652
AGC_082,19.801860306915884,-98.26925628405083
AGC_146,19.807116523404808,-98.26801611886263
AGC_128,19.80516586480138,-98.2691900300045
AGC_180,19.74921219527857,-98.35096573384271
AGC_134,19.75071698766936,-98.35444816357766
AGC_041,19.9469544218968,-98.39377164691909
AGC_166,19.945199708234732,-98.39676593083203
AGC_003,19.98137239099777,-98.3749956660925
AGC_081,19.980592725477994,-98.37143218385393
AGC_129,19.976635028542777,-98.37403543214668
AGC_034,19.95437548361761,-98.38490027717121
AGC_079,19.959267334774488,-98.38574604525292
AGC_070,19.954150967790262,-98.39460206544584
AGC_113,19.955276902984377,-98.38951080636899
AGC_038,19.95329241324104,-98.38997658458699
AGC_042,19.950791218523584,-98.38852944890199
AGC_194,19.950509054065066,-98.39236189094204
AGC_030,19.958286891135888,-98.41028641874114
AGC_078,19.954030937195732,-98.41201779710303
AGC_121,19.951097929049507,-98.41359676518836
AGC_148,19.952928113886536,-98.4091340441434
AGC_067,19.94793288855099,-98.40854380177946
AGC_089,19.95159736688864,-98.40984523015526
AGC_007,19.9559177152111,-98.41559354468745
AGC_080,19.97661236125174,-98.42990803616398
AGC_156,19.97036081476016,-98.43357035735409
AGC_140,19.966244791436065,-98.42767602534586
AGC_118,19.947550992405443,-98.42314626788661
AGC_190,19.89630227005107,-98.23456915286673
AGC_092,19.86181767575719,-98.2416177850703
AGC_091,19.859715832526945,-98.23913609283835
AGC_060,19.879301564053925,-98.25543230263473
AGC_115,19.85735593136792,-98.27104376282645
AGC_191,19.878875619739613,-98.25096462965237
AGC_085,19.852670193054962,-98.2520165530029
AGC_188,19.853229131062662,-98.23963733155517
AGC_126,19.895893046993336,-98.24370728104222
AGC_097,19.86236325359617,-98.21733969764333
AGC_043,19.85158991422595,-98.2605018002607
AGC_185,19.86361181040159,-98.28151138598484
AGC_108,19.88993778560666,-98.21737097945406
AGC_181,19.874966852247066,-98.25966987306573
AGC_153,19.863013115249213,-98.26092255388114
AGC_006,19.898301786978685,-98.2363434685578
AGC_036,19.85609159799293,-98.25160207399516
AGC_109,19.86309241073157,-98.22040051803252
AGC_077,19.88984590709341,-98.25247011142272
AGC_177,19.853050794611782,-98.25328447828582
AGC_105,19.850867313256874,-98.25724418734734
AGC_182,19.84814966036269,-98.24406381145651
AGC_096,19.877051122098596,-98.27009431486614
AGC_176,19.848760472318883,-98.23505384403997
AGC_155,19.884402305067358,-98.22374601495449
AGC_100,19.858967530399653,-98.29110105668636
AGC_135,19.894200729575793,-98.24607483527534
AGC_186,19.85549652286114,-98.27749350730437
AGC_143,19.852076165893106,-98.28553337210971
AGC_018,19.86440893444185,-98.29548466266874
AGC_106,19.85681028931193,-98.25971725863529
AGC_033,19.856091212018192,-98.20024629130963
AGC_150,19.858329992037223,-98.24970511615874
AGC_104,19.85867443918982,-98.25089020705707
AGC_167,19.86012128405794,-98.23991998492887
AGC_002,19.8610520293148,-98.25289813801581
AGC_136,19.85981891092519,-98.25407301134919
AGC_178,19.85814301714515,-98.29422154504525
AGC_125,19.847749529833724,-98.25944841936088
AGC_116,19.848091895744492,-98.26214948291371
AGC_162,19.88371070909728,-98.23270490680281
AGC_057,19.880009754605275,-98.24934068360172
AGC_142,19.880027849691153,-98.24870333425697
AGC_197,19.877952109026353,-98.27467357630685
AGC_028,19.876761855848066,-98.26009256424398
AGC_073,19.85754858384948,-98.27074048880718
AGC_031,19.8618692892034,-98.26596906645422
AGC_171,19.867640720161194,-98.27101216017478
AGC_111,19.894918574238922,-98.24639839549077
AGC_015,19.866066991593367,-98.23741593398803
AGC_063,19.85912157277312,-98.27772951527592
AGC_110,19.85503082607613,-98.25895356089856
AGC_032,19.873126540934663,-98.2564003340123
AGC_024,19.869703849374638,-98.27286454213846
AGC_045,19.865501698855436,-98.29402578895197
AGC_195,19.860476910674677,-98.26505596475603
AGC_088,19.894027335395148,-98.23793853842548
AGC_005,19.85896112502581,-98.24409567870268
AGC_102,19.87275435150924,-98.28003106483253
AGC_127,19.880273768444656,-98.256175595528
AGC_101,19.8740231200676,-98.27640168120449
AGC_095,19.87604693162422,-98.26136606488245
AGC_017,19.85063399741262,-98.24128759024867
AGC_192,19.86605554775497,-98.22748775481784
AGC_072,19.88970760102128,-98.2360216004431
AGC_159,19.860678823919375,-98.24328817627948
AGC_158,19.87027673707344,-98.2780822934436
AGC_011,19.864265182655064,-98.2090372822767
AGC_076,19.8809220471155,-98.2663073973638
AGC_168,19.878239592804114,-98.26549602897686
AGC_132,19.89358251632582,-98.2332032688638
AGC_062,19.856710683061365,-98.27238759283463
AGC_056,19.871515193661672,-98.20680461406708
AGC_055,19.8749897831102,-98.2178743075754
AGC_179,19.858559183267264,-98.22575766902486
AGC_139,19.857017895996766,-98.27165237113698
AGC_133,19.891324916698075,-98.24955359730436
AGC_013,19.89193669157899,-98.23669339917757
AGC_189,19.840540898932893,-98.25477049774724
AGC_094,19.870997530200075,-98.20510134152512
AGC_160,19.852015911813204,-98.22256432184899
AGC_124,19.85571224946381,-98.22622558697513
AGC_172,19.89974242938742,-98.23232496496752
AGC_026,19.85234209858849,-98.24988056951653
AGC_175,19.852996945864717,-98.24161370758742
AGC_010,19.855916143292255,-98.26393052102861
AGC_008,19.863156872509798,-98.2716455609419
AGC_154,19.877119239166028,-98.26307725526802
AGC_012,19.88787806374175,-98.23826527888747
AGC_049,19.88593482971186,-98.23601164684372
AGC_090,19.85438051158189,-98.28735539425676
AGC_131,19.874484537709566,-98.26371115918312
AGC_022,19.87570928725901,-98.26704394341994
AGC_014,19.849536270606745,-98.26331213684625
AGC_016,19.862554753012784,-98.25325976762954
AGC_161,19.865953861476076,-98.22020043689909
AGC_069,19.8693958182485,-98.24800557212824
AGC_165,19.89298418430782,-98.23726014554545
AGC_021,19.8624525949456,-98.21793498768942
AGC_193,19.865771078118893,-98.27429893552511
AGC_098,19.54558076286551,-98.57886727139784
AGC_187,19.606376931709207,-98.57322048328655
AGC_040,19.595006196466837,-98.53797329735481
AGC_025,19.59155425107255,-98.53690347980734
AGC_050,19.58105659879257,-98.59010589205705
AGC_039,19.575478483775115,-98.59605516076415
AGC_099,19.57008017941084,-98.52883870473188
AGC_048,19.55140992581997,-98.51738997225169
AGC_120,19.53671886032465,-98.53669743860337
AGC_112,19.58734889686187,-98.52709655087618
AGC_138,19.565875653701585,-98.52562481021884
AGC_029,19.546915985176717,-98.55662352796337
AGC_122,19.54154287118157,-98.60063160674973
AGC_023,19.606431545903668,-98.523139581777
AGC_004,19.577959614341996,-98.53670578089576
AGC_144,19.579764430150938,-98.5969122644978
AGC_147,19.571006775111794,-98.60315428981104
AGC_075,19.564024770688388,-98.54573974950357
AGC_093,19.562252110227497,-98.5462595445088
AGC_053,19.560870328644246,-98.5222930428482
AGC_117,19.559347188564207,-98.52118517016763
AGC_087,19.548685406887877,-98.538859635403
AGC_054,19.548092701952495,-98.53680681270137
AGC_145,19.550291505362566,-98.59465026516341
AGC_123,19.551269293496496,-98.59896181635557
AGC_170,19.609178659349677,-98.52544045147609
AGC_086,19.58448657453865,-98.53167315885258
AGC_183,19.57459595853472,-98.54983447749115
AGC_164,19.61004939582587,-98.522219607371
AGC_173,19.595658228779186,-98.56162503006254
AGC_027,19.562104042595042,-98.53764562212936
AGC_169,19.59083479546883,-98.52887054025015
AGC_163,19.564788671261528,-98.54943879763603
AGC_157,19.563750666666667,-98.54940933333333
AGC_141,19.562595835325816,-98.55018948231313
AGC_061,19.534465387959248,-98.61153142238031
AGC_066,19.5990918867067,-98.52199958522222
AGC_068,19.5920542654275,-98.52313831380238
AGC_071,19.559299963814475,-98.53350526095089
AGC_037,19.55812947420391,-98.5320886546216
AGC_058,19.55764022642303,-98.53598339434596
AGC_114,19.55298671416747,-98.57688222000667
AGC_074,19.525736503817264,-98.6097806823179
AGC_019,19.584570598771425,-98.58575952698928
AGC_103,19.58378028483629,-98.58380363567554
AGC_046,19.554503116491546,-98.55850317323117
AGC_001,19.542100627711637,-98.56207967872275
