ID_POLIGON,GDD_acumulados_2024,Lluvia_total_mm_2024,ETo_acumulada_mm_2024,Deficit_hidrico_mm_2024
AGC_196,2079.35,699.5999999999999,806.79,-107.19000000000005
AGC_044,2079.35,699.5999999999999,806.6400000000001,-107.04000000000019
AGC_020,2079.35,699.5999999999999,806.6300000000001,-107.0300000000002
AGC_174,1818.85,925.4,726.3499999999999,199.05000000000007
AGC_083,1910.85,925.4,736.6800000000001,188.7199999999999
AGC_149,1818.85,925.4,728.6100000000001,196.78999999999985
AGC_052,1818.85,925.4,728.14,197.26
AGC_009,1818.85,925.4,728.55,196.85000000000002
AGC_119,1818.85,925.4,728.49,196.90999999999997
AGC_064,1818.85,925.4,728.73,196.66999999999996
AGC_130,1818.85,925.4,728.6800000000001,196.7199999999999
AGC_035,2009.8500000000001,830.3000000000001,757.3,73.00000000000011
AGC_047,2064.15,749.6,784.73,-35.129999999999995
AGC_084,1742.7,830.0999999999999,722.5,107.59999999999991
AGC_151,1742.7,830.0999999999999,723.61,106.4899999999999
AGC_137,1742.7,830.0999999999999,723.48,106.61999999999989
AGC_152,1742.7,830.0999999999999,724.3399999999999,105.75999999999999
AGC_051,1775.0,778.9,747.36,31.539999999999964
AGC_107,1881.1,830.0999999999999,736.91,93.18999999999994
AGC_065,1830.2,778.9,752.5,26.399999999999977
AGC_059,1871.5,830.0999999999999,735.77,94.32999999999993
AGC_184,1881.1,830.0999999999999,736.8199999999999,93.27999999999997
AGC_082,1871.5,830.0999999999999,736.15,93.94999999999993
AGC_146,1889.8999999999999,830.0999999999999,737.47,92.62999999999988
AGC_128,1881.1,830.0999999999999,736.91,93.18999999999994
AGC_180,1747.25,778.9,744.9,34.0
AGC_134,1756.6,778.9,745.25,33.64999999999998
AGC_041,1828.65,1069.0,737.51,331.49
AGC_166,1828.65,1069.0,737.36,331.64
AGC_003,1828.65,1069.0,736.6800000000001,332.31999999999994
AGC_081,1837.7000000000003,1069.0,737.3600000000001,331.6399999999999
AGC_129,1819.3,1069.0,735.86,333.14
AGC_034,1828.65,1069.0,737.12,331.88
AGC_079,1828.65,1069.0,737.3199999999999,331.68000000000006
AGC_070,1828.65,1069.0,738.47,330.53
AGC_113,1828.65,1069.0,737.7,331.29999999999995
AGC_038,1828.65,1069.0,737.5,331.5
AGC_042,1828.65,1069.0,737.3199999999999,331.68000000000006
AGC_194,1828.65,1069.0,737.75,331.25
AGC_030,1737.7,917.3,729.03,188.26999999999998
AGC_078,1737.7,917.3,728.88,188.41999999999996
AGC_121,1737.7,917.3,728.67,188.63
AGC_148,1737.7,917.3,728.5999999999999,188.70000000000005
AGC_067,1737.7,917.3,728.44,188.8599999999999
AGC_089,1737.7,917.3,728.53,188.76999999999998
AGC_007,1737.7,917.3,729.0,188.29999999999995
AGC_080,1682.5,917.3,723.7,193.5999999999999
AGC_156,1700.8999999999999,917.3,724.9100000000001,192.38999999999987
AGC_140,1737.7,917.3,728.5999999999999,188.70000000000005
AGC_118,1737.7,917.3,729.41,187.89
AGC_190,1554.35,834.7,709.9200000000001,124.77999999999997
AGC_092,1748.3000000000002,834.7,725.24,109.46000000000004
AGC_091,1748.3000000000002,834.7,725.03,109.67000000000007
AGC_060,1748.3000000000002,834.7,727.31,107.3900000000001
AGC_115,1885.5500000000002,834.7,739.73,94.97000000000003
AGC_191,1748.3000000000002,834.7,727.06,107.6400000000001
AGC_085,1877.1,834.7,738.39,96.31000000000006
AGC_188,1748.3000000000002,834.7,725.4499999999999,109.25000000000011
AGC_126,1545.9,834.7,709.1,125.60000000000002
AGC_097,1685.25,869.9,702.0999999999999,167.80000000000007
AGC_043,1885.5500000000002,834.7,739.3299999999999,95.37000000000012
AGC_185,1748.3000000000002,834.7,724.98,109.72000000000003
AGC_108,1564.3,834.7,711.1700000000001,123.52999999999997
AGC_181,1748.3000000000002,834.7,724.78,109.92000000000007
AGC_153,1885.5500000000002,834.7,739.3299999999999,95.37000000000012
AGC_006,1545.9,834.7,709.1,125.60000000000002
AGC_036,1877.1,834.7,738.71,95.99000000000001
AGC_109,1748.3000000000002,834.7,727.71,106.99000000000001
AGC_077,1601.1,834.7,714.2500000000001,120.44999999999993
AGC_177,1877.1,834.7,738.51,96.19000000000005
AGC_105,1877.1,834.7,739.07,95.63
AGC_182,1748.3000000000002,834.7,725.4,109.30000000000007
AGC_096,1867.15,834.7,738.1,96.60000000000002
AGC_176,1748.3000000000002,834.7,726.35,108.35000000000002
AGC_155,1748.3000000000002,834.7,727.5,107.20000000000005
AGC_100,1748.3000000000002,834.7,725.24,109.46000000000004
AGC_135,1554.35,834.7,709.9200000000001,124.77999999999997
AGC_186,1885.5500000000002,834.7,739.73,94.97000000000003
AGC_143,1877.1,834.7,738.6400000000001,96.05999999999995
AGC_018,1867.15,834.7,738.27,96.43000000000006
AGC_106,1885.5500000000002,834.7,739.24,95.46000000000004
AGC_033,1685.25,869.9,702.06,167.84000000000003
AGC_150,1877.1,834.7,738.51,96.19000000000005
AGC_104,1877.1,834.7,738.71,95.99000000000001
AGC_167,1748.3000000000002,834.7,725.28,109.42000000000007
AGC_002,1877.1,834.7,738.8000000000001,95.89999999999998
AGC_136,1877.1,834.7,738.96,95.74000000000001
AGC_178,1748.3000000000002,834.7,725.12,109.58000000000004
AGC_125,1885.5500000000002,834.7,739.24,95.46000000000004
AGC_116,1885.5500000000002,834.7,739.41,95.29000000000008
AGC_162,1609.55,834.7,715.56,119.1400000000001
AGC_057,1748.3000000000002,834.7,727.3900000000001,107.30999999999995
AGC_142,1748.3000000000002,834.7,727.4200000000001,107.27999999999997
AGC_197,1867.15,834.7,738.27,96.43000000000006
AGC_028,1748.3000000000002,834.7,725.28,109.42000000000007
AGC_073,1885.5500000000002,834.7,739.73,94.97000000000003
AGC_031,1885.5500000000002,834.7,739.41,95.29000000000008
AGC_171,1748.3000000000002,834.7,724.84,109.86000000000001
AGC_111,1554.35,834.7,709.9200000000001,124.77999999999997
AGC_015,1748.3000000000002,834.7,725.84,108.86000000000001
AGC_063,1885.5500000000002,834.7,739.3299999999999,95.37000000000012
AGC_110,1877.1,834.7,739.19,95.50999999999999
AGC_032,1748.3000000000002,834.7,724.85,109.85000000000002
AGC_024,1748.3000000000002,834.7,724.84,109.86000000000001
AGC_045,1867.15,834.7,738.23,96.47000000000003
AGC_195,1885.5500000000002,834.7,739.51,95.19000000000005
AGC_088,1527.5,834.7,707.85,126.85000000000002
AGC_005,1867.15,834.7,737.6500000000001,97.04999999999995
AGC_102,1867.15,834.7,737.6500000000001,97.04999999999995
AGC_127,1748.3000000000002,834.7,727.14,107.56000000000006
AGC_101,1867.15,834.7,738.1,96.60000000000002
AGC_095,1748.3000000000002,834.7,724.98,109.72000000000003
AGC_017,1748.3000000000002,834.7,725.55,109.15000000000009
AGC_192,1748.3000000000002,834.7,726.77,107.93000000000006
AGC_072,1545.9,834.7,709.32,125.38
AGC_159,1748.3000000000002,834.7,724.6800000000001,110.01999999999998
AGC_158,1748.3000000000002,834.7,724.95,109.75
AGC_011,1685.25,869.9,701.3000000000001,168.5999999999999
AGC_076,1748.3000000000002,834.7,724.6800000000001,110.01999999999998
AGC_168,1748.3000000000002,834.7,724.74,109.96000000000004
AGC_132,1564.3,834.7,710.85,123.85000000000002
AGC_062,1885.5500000000002,834.7,739.92,94.78000000000009
AGC_056,1685.25,869.9,701.7,168.19999999999993
AGC_055,1685.25,869.9,701.4000000000001,168.4999999999999
AGC_179,1748.3000000000002,834.7,727.47,107.23000000000002
AGC_139,1885.5500000000002,834.7,739.73,94.97000000000003
AGC_133,1609.55,834.7,715.15,119.55000000000007
AGC_013,1527.5,834.7,708.28,126.42000000000007
AGC_189,1867.15,834.7,737.6500000000001,97.04999999999995
AGC_094,1685.25,869.9,702.02,167.88
AGC_160,1748.3000000000002,834.7,727.5300000000001,107.16999999999996
AGC_124,1748.3000000000002,834.7,727.1600000000001,107.53999999999996
AGC_172,1554.35,834.7,710.59,124.11000000000001
AGC_026,1867.15,834.7,737.98,96.72000000000003
AGC_175,1748.3000000000002,834.7,725.2,109.5
AGC_010,1885.5500000000002,834.7,739.41,95.29000000000008
AGC_008,1877.1,834.7,738.71,95.99000000000001
AGC_154,1748.3000000000002,834.7,724.86,109.84000000000003
AGC_012,1545.9,834.7,709.6700000000001,125.02999999999997
AGC_049,1572.75,834.7,711.9200000000001,122.77999999999997
AGC_090,1748.3000000000002,834.7,724.6500000000001,110.04999999999995
AGC_131,1867.15,834.7,737.6500000000001,97.04999999999995
AGC_022,1867.15,834.7,738.1,96.60000000000002
AGC_014,1885.5500000000002,834.7,739.51,95.19000000000005
AGC_016,1877.1,834.7,738.6400000000001,96.05999999999995
AGC_161,1748.3000000000002,834.7,727.35,107.35000000000002
AGC_069,1748.3000000000002,834.7,724.91,109.79000000000008
AGC_165,1527.5,834.7,708.28,126.42000000000007
AGC_021,1685.25,869.9,702.0999999999999,167.80000000000007
AGC_193,1748.3000000000002,834.7,724.96,109.74000000000001
AGC_098,1920.6999999999998,783.3,777.53,5.769999999999982
AGC_187,2125.55,699.5999999999999,812.83,-113.23000000000013
AGC_040,2070.8,746.4,800.1099999999999,-53.70999999999992
AGC_025,2070.8,746.4,800.27,-53.870000000000005
AGC_050,2096.3,783.3,795.12,-11.82000000000005
AGC_039,2049.5,783.3,790.97,-7.670000000000073
AGC_099,2070.8,746.4,800.97,-54.57000000000005
AGC_048,2070.8,746.4,800.55,-54.14999999999998
AGC_120,2020.3,783.9000000000001,801.9000000000001,-18.0
AGC_112,2070.8,746.4,800.2,-53.80000000000007
AGC_138,2070.8,746.4,801.08,-54.680000000000064
AGC_029,1920.6999999999998,783.3,777.55,5.75
AGC_122,1920.6999999999998,783.3,778.04,5.259999999999991
AGC_023,2070.8,746.4,799.45,-53.05000000000007
AGC_004,2070.8,746.4,800.75,-54.35000000000002
AGC_144,2041.1,783.3,790.48,-7.180000000000064
AGC_147,1920.6999999999998,783.3,777.03,6.269999999999982
AGC_075,2052.4,746.4,799.74,-53.34000000000003
AGC_093,2043.1499999999999,746.4,799.04,-52.639999999999986
AGC_053,2070.8,746.4,801.2700000000001,-54.87000000000012
AGC_117,2070.8,746.4,801.2,-54.80000000000007
AGC_087,2070.8,746.4,802.4000000000001,-56.000000000000114
AGC_054,2070.8,746.4,802.38,-55.98000000000002
AGC_145,1920.6999999999998,783.3,777.03,6.269999999999982
AGC_123,1920.6999999999998,783.3,777.47,5.829999999999927
AGC_170,2070.8,746.4,799.4100000000001,-53.010000000000105
AGC_086,2070.8,746.4,800.31,-53.90999999999997
AGC_183,2089.2,746.4,803.28,-56.879999999999995
AGC_164,2070.8,746.4,799.19,-52.79000000000008
AGC_173,2116.1499999999996,699.5999999999999,811.5,-111.90000000000009
AGC_027,2070.8,746.4,801.6400000000001,-55.24000000000012
AGC_169,2070.8,746.4,799.98,-53.58000000000004
AGC_163,2043.1499999999999,746.4,799.5,-53.10000000000002
AGC_157,2043.1499999999999,746.4,799.21,-52.81000000000006
AGC_141,2034.0,746.4,798.74,-52.34000000000003
AGC_061,1733.6999999999998,811.4,749.82,61.57999999999993
AGC_066,2070.8,746.4,799.76,-53.360000000000014
AGC_068,2070.8,746.4,799.9399999999999,-53.539999999999964
AGC_071,2070.8,746.4,801.6000000000001,-55.20000000000016
AGC_037,2070.8,746.4,801.6700000000001,-55.270000000000095
AGC_058,2070.8,746.4,801.7,-55.30000000000007
AGC_114,1920.6999999999998,783.3,777.1500000000001,6.149999999999864
AGC_074,1733.6999999999998,811.4,750.0699999999999,61.33000000000004
AGC_019,2123.1,783.3,797.64,-14.340000000000032
AGC_103,2123.1,783.3,798.1099999999999,-14.809999999999945
AGC_046,1920.6999999999998,783.3,776.7099999999999,6.590000000000032
AGC_001,1967.5,783.3,783.25,0.049999999999954525
