ID_POLIGON,fPAR_integrado,Biomasa_Antesis_Sim,Biomasa_Total_Sim,HI_penalizado
AGC_001,52.705500,6328.914924,13656.053172,0.450000
AGC_002,50.385500,5081.748681,13428.128433,0.450000
AGC_003,53.279300,6330.125640,14410.382712,0.450000
AGC_004,31.341600,3201.850116,8296.402240,0.443767
AGC_005,44.007500,5172.993324,11570.455500,0.450000
AGC_006,57.637600,6371.647380,15404.898948,0.450000
AGC_007,59.065800,6626.928216,16203.713100,0.450000
AGC_008,35.561300,3227.760397,9675.221077,0.450000
AGC_009,48.403800,5903.869728,12947.945568,0.450000
AGC_010,44.289400,4247.015445,11744.990541,0.450000
AGC_011,44.165700,4027.489968,11733.970068,0.450000
AGC_012,56.561800,6176.716392,15166.394952,0.450000
AGC_013,53.533500,5117.433252,14404.419192,0.450000
AGC_014,50.647100,4483.205038,13590.548110,0.450000
AGC_015,33.195300,3472.405661,8807.754353,0.450000
AGC_016,50.657500,5582.021124,13743.568080,0.450000
AGC_017,46.140200,5170.296708,12433.561920,0.450000
AGC_018,47.647300,4175.994279,12810.548271,0.450000
AGC_019,49.480900,5831.268588,12284.688421,0.417727
AGC_020,53.487500,6254.979468,12483.606083,0.392638
AGC_021,36.101400,4547.835756,9341.150652,0.450000
AGC_022,41.890400,4138.863516,11282.268804,0.450000
AGC_023,46.984700,5429.871672,13075.300745,0.448925
AGC_024,50.048400,5345.209692,13444.464348,0.450000
AGC_025,31.846800,4159.083960,8311.906192,0.446160
AGC_026,33.247400,3083.441849,8879.122361,0.450000
AGC_027,48.341800,4806.763236,13446.702638,0.447081
AGC_028,32.781700,3462.738432,8797.038384,0.450000
AGC_029,31.509700,3038.082288,7507.829674,0.420639
AGC_030,42.425300,3818.026200,11352.057912,0.450000
AGC_031,39.546800,3842.653308,10582.557420,0.450000
AGC_032,54.953100,6811.195932,14915.020812,0.450000
AGC_033,39.942200,4279.595112,10392.659196,0.450000
AGC_034,40.284100,3938.276808,10930.401288,0.450000
AGC_035,43.396300,4415.059296,11838.243192,0.450000
AGC_036,45.943300,4650.794473,12122.612485,0.450000
AGC_037,37.468600,3080.637006,10166.632378,0.442624
AGC_038,47.264600,4960.731648,12863.942796,0.450000
AGC_039,42.014400,4173.949320,10223.965935,0.418110
AGC_040,33.615000,4390.805823,8825.199211,0.444898
AGC_041,50.298100,5964.283980,13533.823992,0.450000
AGC_042,46.767400,4680.283452,12739.628292,0.450000
AGC_043,35.826700,4224.470609,9302.341385,0.450000
AGC_044,44.143600,4976.153520,10351.865369,0.398599
AGC_045,47.215900,4200.816476,12778.749728,0.450000
AGC_046,46.893700,4766.705556,11650.269550,0.419130
AGC_047,47.802800,5600.006196,13050.724987,0.447824
AGC_048,36.638300,3589.257552,9829.425940,0.445832
AGC_049,38.861400,3895.175649,10170.488517,0.450000
AGC_050,47.143700,4832.815536,11451.036913,0.416712
AGC_051,53.202800,5635.115391,14171.509695,0.450000
AGC_052,54.260900,6355.819812,14540.531388,0.450000
AGC_053,25.685200,3111.141204,6778.003335,0.443236
AGC_054,38.927600,3966.189168,10791.498684,0.447614
AGC_055,47.304900,5078.015220,12405.910008,0.450000
AGC_056,33.217100,3164.849148,8697.720792,0.450000
AGC_057,34.167300,3292.239552,9101.308212,0.450000
AGC_058,34.371900,2667.570540,9454.406510,0.447143
AGC_059,52.285300,4608.918817,14050.390105,0.450000
AGC_060,39.999000,4270.042272,10730.538324,0.450000
AGC_061,45.013000,3771.496404,11226.851493,0.431430
AGC_062,27.085400,2421.544639,7168.833883,0.450000
AGC_063,37.299600,4834.152804,9910.788360,0.450000
AGC_064,47.592600,5337.077904,12708.891540,0.450000
AGC_065,58.884500,5770.136241,15609.235125,0.450000
AGC_066,30.408000,4323.581964,7972.813426,0.445917
AGC_067,56.689400,6950.170152,15359.664372,0.450000
AGC_068,34.101700,4264.183284,9012.979966,0.445614
AGC_069,43.612200,4407.182292,11682.293472,0.450000
AGC_070,42.190200,3939.402768,11317.031976,0.450000
AGC_071,35.130100,3279.840336,9468.923456,0.442730
AGC_072,53.291200,5335.679628,14320.986180,0.450000
AGC_073,30.947500,3128.440680,8331.098508,0.450000
AGC_074,59.920600,8051.620200,15925.384872,0.450000
AGC_075,42.586800,5014.846764,11424.084672,0.444455
AGC_076,38.447500,4340.208796,10208.750800,0.450000
AGC_077,41.883300,3726.417024,11204.102880,0.450000
AGC_078,50.432700,5344.320840,13495.667544,0.450000
AGC_079,47.018100,4931.760696,12832.842420,0.450000
AGC_080,63.469400,7776.824136,17092.300764,0.450000
AGC_081,52.308100,6379.774536,14218.629684,0.450000
AGC_082,48.376000,5451.803724,13006.474392,0.450000
AGC_083,49.408900,6210.653688,13330.253508,0.450000
AGC_084,46.691500,5865.846048,12378.605076,0.450000
AGC_085,37.364800,3772.376808,9972.656820,0.450000
AGC_086,25.357000,2889.506960,6748.889330,0.443964
AGC_087,40.272100,4260.265812,11197.194833,0.447483
AGC_088,55.920300,5982.180516,15120.697716,0.450000
AGC_089,54.445400,6532.714608,14939.718408,0.450000
AGC_090,38.273900,3224.950735,10383.439891,0.450000
AGC_091,40.716000,4249.245031,10679.775919,0.450000
AGC_092,25.693500,2822.260380,6653.416860,0.450000
AGC_093,41.401300,4721.096028,11133.892751,0.444862
AGC_094,25.250000,2812.874484,6560.365944,0.450000
AGC_095,45.504000,5432.766120,12309.451704,0.450000
AGC_096,33.429600,3238.752708,9073.551324,0.450000
AGC_097,33.680100,4304.888856,8706.249240,0.450000
AGC_098,33.429100,3981.081396,8235.049843,0.419093
AGC_099,29.638400,3689.782620,7871.747928,0.443918
AGC_100,38.690200,3549.446320,10360.404892,0.450000
AGC_101,37.197100,3835.377732,10073.523228,0.450000
AGC_102,44.222100,4888.639368,11889.653868,0.450000
AGC_103,47.786600,5006.767236,11692.237862,0.417126
AGC_104,42.619500,4290.887094,11390.237286,0.450000
AGC_105,37.839700,3772.790751,10029.384555,0.450000
AGC_106,42.747600,4481.081062,11438.896174,0.450000
AGC_107,50.680200,4912.687856,13679.873036,0.450000
AGC_108,37.492600,3869.426976,9966.035244,0.450000
AGC_109,37.081800,4564.598376,9852.617796,0.450000
AGC_110,34.167400,3652.251294,8970.927114,0.450000
AGC_111,44.424500,3875.033256,11739.528276,0.450000
AGC_112,40.088200,4198.310868,10735.401509,0.446228
AGC_113,48.820400,6256.490724,13285.710372,0.450000
AGC_114,40.116700,3700.947024,9834.405933,0.420642
AGC_115,36.617700,3517.012523,9829.656239,0.450000
AGC_116,38.232800,3491.291239,10195.938175,0.450000
AGC_117,31.585300,3962.384166,8203.598396,0.444125
AGC_118,43.022200,3681.258504,11642.227584,0.450000
AGC_119,51.865900,5979.258528,13876.796556,0.450000
AGC_120,54.894000,5666.285712,14627.915593,0.435210
AGC_121,51.922300,5566.905660,13799.146404,0.450000
AGC_122,49.164300,5281.747188,12018.470536,0.419467
AGC_123,42.205600,4458.929400,10366.190624,0.419221
AGC_124,33.417400,4003.495356,8837.572332,0.450000
AGC_125,51.248300,4658.873471,13649.356139,0.450000
AGC_126,40.477500,2888.633072,10731.068672,0.450000
AGC_127,45.054000,5159.928060,12082.375752,0.450000
AGC_128,49.444900,4856.976868,13276.331176,0.450000
AGC_129,55.506800,5774.014332,15022.039596,0.450000
AGC_130,47.309600,5261.548332,12652.652412,0.450000
AGC_131,49.578400,5376.670992,13402.650720,0.450000
AGC_132,51.158700,5007.335760,13748.550528,0.450000
AGC_133,57.408400,6076.805952,15513.063768,0.450000
AGC_134,57.518000,6021.758732,15369.266804,0.450000
AGC_135,40.221300,3208.369296,10631.176680,0.450000
AGC_136,39.983500,4044.439486,10538.409910,0.450000
AGC_137,52.559000,4949.208546,14037.198990,0.450000
AGC_138,39.174400,3831.710568,10803.892863,0.446583
AGC_139,33.671800,3010.487885,8998.937549,0.450000
AGC_140,58.818100,6522.909960,16167.451284,0.450000
AGC_141,48.976500,6091.443408,12887.888868,0.450000
AGC_142,28.737500,2944.841630,7613.063678,0.450000
AGC_143,34.536200,3056.101457,9235.382129,0.450000
AGC_144,44.408000,5011.436400,10904.054749,0.417125
AGC_145,48.326000,5427.199224,11945.776207,0.419220
AGC_146,46.817900,4364.374182,12535.313958,0.450000
AGC_147,51.037000,5752.889700,12646.120583,0.419875
AGC_148,53.236900,6336.994392,14096.856492,0.450000
AGC_149,49.086600,5307.466092,13131.266436,0.450000
AGC_150,47.921700,5076.278796,12808.048320,0.450000
AGC_151,59.418900,5836.293689,15807.688181,0.450000
AGC_152,55.865400,5755.956535,14849.308591,0.450000
AGC_153,32.840800,3500.264868,8779.968708,0.450000
AGC_154,57.528600,5837.904516,15656.250732,0.450000
AGC_155,58.153300,7468.231416,15076.309920,0.450000
AGC_156,50.705500,4053.606984,13690.334160,0.450000
AGC_157,21.910400,1943.932816,5858.487740,0.446825
AGC_158,42.430000,4444.238556,11353.511808,0.450000
AGC_159,37.124800,4354.925259,9695.868891,0.450000
AGC_160,26.856100,2840.335148,6987.943676,0.450000
AGC_161,33.549000,3320.744486,8795.170178,0.450000
AGC_162,41.644200,4878.481236,10683.298644,0.450000
AGC_163,24.736400,2093.131235,6688.356994,0.445445
AGC_164,39.734200,4250.085612,11042.163785,0.448868
AGC_165,57.709900,6832.388616,15315.564300,0.450000
AGC_166,50.629200,5871.047244,13657.965132,0.450000
AGC_167,36.520400,4065.506236,9554.783980,0.450000
AGC_168,42.922000,6342.966048,11327.411760,0.450000
AGC_169,31.359900,3220.525365,8265.927231,0.444382
AGC_170,26.599200,2859.279252,7185.609656,0.447902
AGC_171,41.752500,4353.755484,11344.427892,0.450000
AGC_172,42.223700,3398.178228,11182.413612,0.450000
AGC_173,37.126400,3162.991069,8491.596857,0.413637
AGC_174,43.314800,4875.875885,11374.064993,0.450000
AGC_175,32.579400,4537.156556,8372.092580,0.450000
AGC_176,41.978500,4410.893412,11319.561804,0.450000
AGC_177,46.751600,4934.989764,12586.680288,0.450000
AGC_178,40.369700,4005.289128,10968.277692,0.450000
AGC_179,35.021900,4669.005660,9194.987508,0.450000
AGC_180,56.579200,5961.181520,15099.427892,0.450000
AGC_181,40.869000,3695.658240,10887.507996,0.450000
AGC_182,41.181700,4539.992736,11087.856624,0.450000
AGC_183,37.539400,3871.040580,10299.909994,0.445930
AGC_184,46.641200,4387.728452,12567.521972,0.450000
AGC_185,45.507000,5048.216879,12133.569911,0.450000
AGC_186,38.003800,3460.310126,10082.067818,0.450000
AGC_187,43.783500,4670.616492,9942.434729,0.395040
AGC_188,30.387300,3262.782858,8067.386406,0.450000
AGC_189,40.727200,4124.004971,10855.199015,0.450000
AGC_190,54.498500,6576.482532,14483.438304,0.450000
AGC_191,39.968500,4196.828820,10643.694612,0.450000
AGC_192,39.656500,4546.979334,10378.636158,0.450000
AGC_193,43.797700,4443.550236,11659.804212,0.450000
AGC_194,39.033500,4812.571261,10256.169625,0.450000
AGC_195,42.475300,4342.196172,11420.592204,0.450000
AGC_196,49.890300,5441.073096,11617.756790,0.399482
AGC_197,35.206400,3433.945968,9498.742344,0.450000
