ID_POLIGON,DAP_antesis_est,GDD_antesis,GDD_llenado
AGC_196,760,8074.4,581.15
AGC_044,750,7968.5,581.15
AGC_020,760,8074.4,581.15
AGC_174,740,6553.3,560.85
AGC_083,760,7112.45,590.85
AGC_149,1305,11232.55,406.3
AGC_052,1305,11232.55,780.4
AGC_009,945,8268.95,646.0
AGC_119,1340,11533.3,105.55
AGC_064,940,8223.55,1069.3
AGC_130,1305,11232.55,780.4
AGC_035,1352,13154.95,491.9
AGC_047,1335,13575.45,738.95
AGC_084,235,1872.8,703.8
AGC_151,235,1872.8,482.3
AGC_137,235,1872.8,592.7
AGC_152,1280,10617.0,753.15
AGC_051,235,1868.4,506.8
AGC_107,100,912.35,530.7
AGC_065,1280,11233.75,845.25
AGC_059,1320,11843.95,810.45
AGC_184,80,699.75,478.7
AGC_082,1145,10323.9,810.45
AGC_146,100,917.25,534.3
AGC_128,60,521.35,478.7
AGC_180,1280,10658.7,760.95
AGC_134,235,1844.8,653.85
AGC_041,940,8244.35,787.25
AGC_166,1305,11285.55,600.0
AGC_003,1335,11541.85,875.5
AGC_081,1335,11607.5,150.05
AGC_129,1335,11473.9,148.35
AGC_034,975,8561.55,470.05
AGC_079,995,8758.25,450.5
AGC_070,995,8758.25,169.4
AGC_113,995,8758.25,273.35
AGC_038,955,8378.95,548.7
AGC_042,585,4912.6,610.25
AGC_194,955,8378.95,548.7
AGC_030,915,7903.1,512.9
AGC_078,995,8469.05,294.45
AGC_121,805,6932.45,253.6
AGC_148,995,8469.05,253.6
AGC_067,905,7817.45,598.55
AGC_089,1125,9446.9,483.65
AGC_007,1335,11146.05,321.1
AGC_080,1335,10745.45,553.45
AGC_156,1360,11076.25,334.05
AGC_140,1135,9528.6,546.15
AGC_118,945,8029.55,598.55
AGC_190,1155,8402.7,531.0
AGC_092,1380,11399.85,372.1
AGC_091,955,7992.4,779.2
AGC_060,955,7992.4,532.75
AGC_115,60,532.45,535.65
AGC_191,1015,8492.85,428.4
AGC_085,60,529.05,397.95
AGC_188,1352,11173.8,535.35
AGC_126,1360,9743.5,344.5
AGC_097,1380,10966.85,306.0
AGC_043,55,488.75,469.4
AGC_185,235,1859.9,439.0
AGC_108,1340,9731.4,548.9
AGC_181,1340,11070.95,511.3
AGC_153,780,7204.5,581.3
AGC_006,755,5584.55,579.25
AGC_036,60,529.05,481.0
AGC_109,940,7864.1,907.5
AGC_077,1015,7680.9,348.55
AGC_177,60,529.05,298.65
AGC_105,820,7560.75,292.7
AGC_182,805,6852.55,907.5
AGC_096,760,6946.1,712.9
AGC_176,940,7864.1,907.5
AGC_155,965,8079.0,446.15
AGC_100,55,447.4,439.0
AGC_135,965,7066.45,694.55
AGC_104,60,529.05,481.0
AGC_167,1340,11070.95,577.5
AGC_002,1100,9954.0,747.1
AGC_136,60,529.05,653.05
AGC_178,1025,8558.55,362.7
AGC_125,55,488.75,469.4
AGC_116,60,532.45,483.75
AGC_162,945,7198.1,884.85
AGC_057,1015,8492.85,396.55
AGC_142,1025,8558.55,236.85
AGC_197,780,7132.65,423.7
AGC_028,235,1859.9,487.15
AGC_073,55,489.75,483.75
AGC_031,955,8709.75,853.95
AGC_171,780,6625.15,487.5
AGC_111,965,7066.45,248.9
AGC_015,955,7992.4,779.2
AGC_063,235,2037.7,400.3
AGC_110,35,318.4,608.6
AGC_032,235,1859.9,487.15
AGC_024,1160,9658.45,511.3
AGC_045,960,8662.6,635.15
AGC_195,55,489.1,579.0
AGC_088,1100,7857.0,143.95
AGC_005,1360,12122.4,409.65
AGC_102,760,6946.1,574.05
AGC_127,955,7992.4,532.75
AGC_101,760,6946.1,941.95
AGC_095,235,1859.9,487.15
AGC_017,1340,11070.95,577.5
AGC_192,995,8359.45,412.15
AGC_072,1170,8454.15,344.5
AGC_159,1382,11412.6,359.35
AGC_158,760,6451.6,837.25
AGC_011,945,7601.05,804.25
AGC_076,940,7864.1,964.35
AGC_168,945,7906.65,492.6
AGC_132,1360,9879.2,350.4
AGC_062,35,320.45,695.75
AGC_056,1360,10808.8,336.55
AGC_055,945,7601.05,918.55
AGC_179,1380,11399.85,309.3
AGC_139,60,532.45,535.65
AGC_133,1155,8748.85,131.8
AGC_013,1180,8410.9,308.35
AGC_189,235,2014.1,477.75
AGC_094,1360,10808.8,336.55
AGC_160,1380,11399.85,372.1
AGC_124,1352,11173.8,109.4
AGC_172,1332,9604.9,460.2
AGC_026,35,316.85,604.8
AGC_175,1380,11399.85,372.1
AGC_010,820,7601.5,456.95
AGC_008,45,398.4,528.6
AGC_154,1320,10904.6,526.45
AGC_012,1360,9743.5,446.0
AGC_049,1380,10088.0,316.1
AGC_090,35,293.35,593.05
AGC_131,945,8521.95,528.15
AGC_022,810,7422.05,564.35
AGC_014,40,363.25,569.5
AGC_016,60,529.05,397.95
AGC_161,1360,11238.75,343.5
AGC_069,960,8037.65,487.5
AGC_165,1335,9428.15,124.3
AGC_021,1360,10808.8,464.05
AGC_193,765,6494.15,717.5
AGC_098,965,9299.9,863.2
AGC_187,760,8264.75,596.05
AGC_040,770,8087.25,695.85
AGC_025,775,8136.95,845.2
AGC_050,770,8257.95,709.75
AGC_039,765,8013.3,599.2
AGC_099,785,8237.25,797.1
AGC_048,965,10029.75,604.5
AGC_120,1335,13090.2,427.2
AGC_112,765,8035.5,896.95
AGC_138,785,8229.9,103.2
AGC_029,1172,11206.45,537.1
AGC_122,775,7573.75,643.6
AGC_023,395,4008.6,489.4
AGC_004,760,7983.4,1050.95
AGC_144,775,8075.75,885.05
AGC_147,775,7571.35,822.95
AGC_075,900,9407.85,1088.25
AGC_093,915,9463.0,1082.7
AGC_053,785,8238.75,797.45
AGC_117,785,8238.75,845.2
AGC_087,780,8189.15,845.2
AGC_054,775,8137.4,896.95
AGC_145,775,7571.35,597.7
AGC_123,790,7711.7,543.3
AGC_170,395,4008.6,548.4
AGC_086,935,9805.6,614.1
AGC_183,780,8267.3,620.6
AGC_164,30,294.5,625.0
AGC_173,940,10077.55,1135.25
AGC_169,800,8401.55,338.3
AGC_163,910,9494.65,832.8
AGC_157,925,9613.0,832.8
AGC_141,765,7882.35,877.95
AGC_061,765,6634.5,837.1
AGC_066,770,8087.25,652.6
AGC_068,1327,13616.1,572.65
AGC_071,805,8432.95,566.0
AGC_037,805,8432.95,566.0
AGC_058,790,8286.85,697.3
AGC_114,785,7665.8,457.35
AGC_074,925,8028.4,716.15
AGC_019,760,8270.2,720.75
AGC_103,765,8319.7,827.1
AGC_046,1155,11048.05,369.15
AGC_001,1170,11477.7,142.5
